farmer_id,name,contact_number,email,address,created_at,updated_at
1,"Ramesh Kumar",9876543210,ramesh.kumar@gmail.com,"Village A, District X, State Y","2025-10-13 00:03:24","2025-10-13 00:03:24"
2,"Suresh Patel",9123456780,suresh.patel@gmail.com,"Village B, District X, State Y","2025-10-13 00:03:24","2025-10-13 00:03:24"
3,"Anita Sharma",9988776655,anita.sharma@gmail.com,"Village C, District Z, State Y","2025-10-13 00:03:24","2025-10-13 00:03:24"
4,"Vikram Singh",9871122334,vikram.singh@gmail.com,"Village D, District Z, State Y","2025-10-13 00:03:24","2025-10-13 00:03:24"
5,"Priya Reddy",9122334455,priya.reddy@gmail.com,"Village E, District W, State Y","2025-10-13 00:03:24","2025-10-13 00:03:24"
6,"Amit Joshi",9900112233,amit.joshi@gmail.com,"Village F, District W, State Y","2025-10-13 00:03:24","2025-10-13 00:03:24"
7,"Neha Gupta",9988223344,neha.gupta@gmail.com,"Village G, District V, State Y","2025-10-13 00:03:24","2025-10-13 00:03:24"
8,"Rahul Mehta",9877665544,rahul.mehta@gmail.com,"Village H, District V, State Y","2025-10-13 00:03:24","2025-10-13 00:03:24"
9,"Sunita Verma",9122003344,sunita.verma@gmail.com,"Village I, District U, State Y","2025-10-13 00:03:24","2025-10-13 00:03:24"
10,"Manoj Kumar",9988112233,manoj.kumar@gmail.com,"Village J, District U, State Y","2025-10-13 00:03:24","2025-10-13 00:03:24"
11,"Deepak Yadav",9876501123,deepak.yadav@gmail.com,"Village K, District T, State Y","2025-10-13 00:03:24","2025-10-13 00:03:24"
12,"Pooja Singh",9123457788,pooja.singh@gmail.com,"Village L, District T, State Y","2025-10-13 00:03:24","2025-10-13 00:03:24"
13,"Aakash Sharma",9988771122,aakash.sharma@gmail.com,"Village M, District S, State Y","2025-10-13 00:03:24","2025-10-13 00:03:24"
14,"Ritika Verma",9876549988,ritika.verma@gmail.com,"Village N, District S, State Y","2025-10-13 00:03:24","2025-10-13 00:03:24"
15,"Karan Mehta",9122337788,karan.mehta@gmail.com,"Village O, District R, State Y","2025-10-13 00:03:24","2025-10-13 00:03:24"
16,"Sanjay Reddy",9988001122,sanjay.reddy@gmail.com,"Village P, District R, State Y","2025-10-13 00:03:24","2025-10-13 00:03:24"
17,"Neelam Gupta",9877112233,neelam.gupta@gmail.com,"Village Q, District Q, State Y","2025-10-13 00:03:24","2025-10-13 00:03:24"
18,"Vikrant Joshi",9122445566,vikrant.joshi@gmail.com,"Village R, District Q, State Y","2025-10-13 00:03:24","2025-10-13 00:03:24"
19,"Shreya Sharma",9988332211,shreya.sharma@gmail.com,"Village S, District P, State Y","2025-10-13 00:03:24","2025-10-13 00:03:24"
20,"Anuj Kumar",9876554433,anuj.kumar@gmail.com,"Village T, District P, State Y","2025-10-13 00:03:24","2025-10-13 00:03:24"
21,"Manisha Reddy",9122009988,manisha.reddy@gmail.com,"Village U, District O, State Y","2025-10-13 00:03:24","2025-10-13 00:03:24"
22,"Rohit Verma",9988113344,rohit.verma@gmail.com,"Village V, District O, State Y","2025-10-13 00:03:24","2025-10-13 00:03:24"
23,"Alok Singh",9877662211,alok.singh@gmail.com,"Village W, District N, State Y","2025-10-13 00:03:24","2025-10-13 00:03:24"
24,"Sneha Gupta",9122334455,sneha.gupta@gmail.com,"Village X, District N, State Y","2025-10-13 00:03:24","2025-10-13 00:03:24"
25,"Vivek Joshi",9988221100,vivek.joshi@gmail.com,"Village Y, District M, State Y","2025-10-13 00:03:24","2025-10-13 00:03:24"
26,"Priyanka Sharma",9876541100,priyanka.sharma@gmail.com,"Village Z, District M, State Y","2025-10-13 00:03:24","2025-10-13 00:03:24"
27,"Rajat Mehta",9122003344,rajat.mehta@gmail.com,"Village AA, District L, State Y","2025-10-13 00:03:24","2025-10-13 00:03:24"
28,"Sonal Reddy",9988112233,sonal.reddy@gmail.com,"Village AB, District L, State Y","2025-10-13 00:03:24","2025-10-13 00:03:24"
29,"Harshit Kumar",9877663344,harshit.kumar@gmail.com,"Village AC, District K, State Y","2025-10-13 00:03:24","2025-10-13 00:03:24"
30,"Divya Verma",9122335566,divya.verma@gmail.com,"Village AD, District K, State Y","2025-10-13 00:03:24","2025-10-13 00:03:24"
31,"Amit Sharma",9988441122,amit.sharma@gmail.com,"Village AE, District J, State Y","2025-10-13 00:03:24","2025-10-13 00:03:24"
32,"Ritika Mehta",9876558899,ritika.mehta@gmail.com,"Village AF, District J, State Y","2025-10-13 00:03:24","2025-10-13 00:03:24"
33,"Siddharth Joshi",9122007788,siddharth.joshi@gmail.com,"Village AG, District I, State Y","2025-10-13 00:03:24","2025-10-13 00:03:24"
34,"Neha Reddy",9988115566,neha.reddy@gmail.com,"Village AH, District I, State Y","2025-10-13 00:03:24","2025-10-13 00:03:24"
35,"Manoj Sharma",9877661122,manoj.sharma@gmail.com,"Village AI, District H, State Y","2025-10-13 00:03:24","2025-10-13 00:03:24"
36,"Rashmi Gupta",9122336677,rashmi.gupta@gmail.com,"Village AJ, District H, State Y","2025-10-13 00:03:24","2025-10-13 00:03:24"
37,"Rohit Singh",9988223344,rohit.singh@gmail.com,"Village AK, District G, State Y","2025-10-13 00:03:24","2025-10-13 00:03:24"
38,"Priya Mehta",9876542233,priya.mehta@gmail.com,"Village AL, District G, State Y","2025-10-13 00:03:24","2025-10-13 00:03:24"
39,"Karan Reddy",9122004455,karan.reddy@gmail.com,"Village AM, District F, State Y","2025-10-13 00:03:24","2025-10-13 00:03:24"
40,"Sakshi Sharma",9988116677,sakshi.sharma@gmail.com,"Village AN, District F, State Y","2025-10-13 00:03:24","2025-10-13 00:03:24"
41,"Ankit Gupta",9877664455,ankit.gupta@gmail.com,"Village AO, District E, State Y","2025-10-13 00:03:24","2025-10-13 00:03:24"
42,"Ritu Verma",9122337788,ritu.verma@gmail.com,"Village AP, District E, State Y","2025-10-13 00:03:24","2025-10-13 00:03:24"
43,"Vikas Joshi",9988225566,vikas.joshi@gmail.com,"Village AQ, District D, State Y","2025-10-13 00:03:24","2025-10-13 00:03:24"
44,"Manvi Sharma",9876543344,manvi.sharma@gmail.com,"Village AR, District D, State Y","2025-10-13 00:03:24","2025-10-13 00:03:24"
45,"Amit Reddy",9122006677,amit.reddy@gmail.com,"Village AS, District C, State Y","2025-10-13 00:03:24","2025-10-13 00:03:24"
46,"Pooja Gupta",9988118899,pooja.gupta@gmail.com,"Village AT, District C, State Y","2025-10-13 00:03:24","2025-10-13 00:03:24"
47,"Rohit Joshi",9877665566,rohit.joshi@gmail.com,"Village AU, District B, State Y","2025-10-13 00:03:24","2025-10-13 00:03:24"
48,"Neha Sharma",9122338899,neha.sharma@gmail.com,"Village AV, District B, State Y","2025-10-13 00:03:24","2025-10-13 00:03:24"
49,"Vikram Verma",9988226677,vikram.verma@gmail.com,"Village AW, District A, State Y","2025-10-13 00:03:24","2025-10-13 00:03:24"
50,"Sonal Mehta",9876544455,sonal.mehta@gmail.com,"Village AX, District A, State Y","2025-10-13 00:03:24","2025-10-13 00:03:24"
51,"Ramesh Reddy",9122009988,ramesh.reddy@gmail.com,"Village AY, District Z, State Y","2025-10-13 00:03:24","2025-10-13 00:03:24"
52,"Priya Singh",9988111122,priya.singh@gmail.com,"Village AZ, District Z, State Y","2025-10-13 00:03:24","2025-10-13 00:03:24"
53,"Amit Verma",9877667788,amit.verma@gmail.com,"Village BA, District Y, State Y","2025-10-13 00:03:24","2025-10-13 00:03:24"
54,"Neha Mehta",9122330011,neha.mehta@gmail.com,"Village BB, District Y, State Y","2025-10-13 00:03:24","2025-10-13 00:03:24"
55,"Vikrant Sharma",9988228899,vikrant.sharma@gmail.com,"Village BC, District X, State Y","2025-10-13 00:03:24","2025-10-13 00:03:24"
56,"Ritika Reddy",9876545566,ritika.reddy@gmail.com,"Village BD, District X, State Y","2025-10-13 00:03:24","2025-10-13 00:03:24"
57,"Siddharth Gupta",9122001122,siddharth.gupta@gmail.com,"Village BE, District W, State Y","2025-10-13 00:03:24","2025-10-13 00:03:24"
58,"Manisha Verma",9988112233,manisha.verma@gmail.com,"Village BF, District W, State Y","2025-10-13 00:03:24","2025-10-13 00:03:24"
59,"Rahul Sharma",9877668899,rahul.sharma@gmail.com,"Village BG, District V, State Y","2025-10-13 00:03:24","2025-10-13 00:03:24"
60,"Pooja Joshi",9122331122,pooja.joshi@gmail.com,"Village BH, District V, State Y","2025-10-13 00:03:24","2025-10-13 00:03:24"
61,"Ankit Verma",9988223344,ankit.verma@gmail.com,"Village BI, District U, State Y","2025-10-13 00:03:24","2025-10-13 00:03:24"
62,"Neha Reddy",9876546677,neha.reddy@gmail.com,"Village BJ, District U, State Y","2025-10-13 00:03:24","2025-10-13 00:03:24"
63,"Vikas Sharma",9122003344,vikas.sharma@gmail.com,"Village BK, District T, State Y","2025-10-13 00:03:24","2025-10-13 00:03:24"
64,"Manvi Gupta",9988114455,manvi.gupta@gmail.com,"Village BL, District T, State Y","2025-10-13 00:03:24","2025-10-13 00:03:24"
65,"Amit Mehta",9877660011,amit.mehta@gmail.com,"Village BM, District S, State Y","2025-10-13 00:03:24","2025-10-13 00:03:24"
66,"Priya Joshi",9122334455,priya.joshi@gmail.com,"Village BN, District S, State Y","2025-10-13 00:03:24","2025-10-13 00:03:24"
67,"Rohit Verma",9988225566,rohit.verma@gmail.com,"Village BO, District R, State Y","2025-10-13 00:03:24","2025-10-13 00:03:24"
68,"Neha Sharma",9876541122,neha.sharma@gmail.com,"Village BP, District R, State Y","2025-10-13 00:03:24","2025-10-13 00:03:24"
69,"Vikram Joshi",9122007788,vikram.joshi@gmail.com,"Village BQ, District Q, State Y","2025-10-13 00:03:24","2025-10-13 00:03:24"
70,"Sonal Verma",9988118899,sonal.verma@gmail.com,"Village BR, District Q, State Y","2025-10-13 00:03:24","2025-10-13 00:03:24"
71,"Ramesh Gupta",9877663344,ramesh.gupta@gmail.com,"Village BS, District P, State Y","2025-10-13 00:03:24","2025-10-13 00:03:24"
72,"Priya Sharma",9122335566,priya.sharma@gmail.com,"Village BT, District P, State Y","2025-10-13 00:03:24","2025-10-13 00:03:24"
73,"Amit Reddy",9988226677,amit.reddy@gmail.com,"Village BU, District O, State Y","2025-10-13 00:03:24","2025-10-13 00:03:24"
74,"Neha Verma",9876547788,neha.verma@gmail.com,"Village BV, District O, State Y","2025-10-13 00:03:24","2025-10-13 00:03:24"
75,"Vikrant Mehta",9122008899,vikrant.mehta@gmail.com,"Village BW, District N, State Y","2025-10-13 00:03:24","2025-10-13 00:03:24"
76,"Ritika Sharma",9988119900,ritika.sharma@gmail.com,"Village BX, District N, State Y","2025-10-13 00:03:24","2025-10-13 00:03:24"
77,"Siddharth Joshi",9877661122,siddharth.joshi@gmail.com,"Village BY, District M, State Y","2025-10-13 00:03:24","2025-10-13 00:03:24"
78,"Manisha Gupta",9122332233,manisha.gupta@gmail.com,"Village BZ, District M, State Y","2025-10-13 00:03:24","2025-10-13 00:03:24"
79,"Rahul Verma",9988223344,rahul.verma@gmail.com,"Village CA, District L, State Y","2025-10-13 00:03:24","2025-10-13 00:03:24"
80,"Pooja Sharma",9876544455,pooja.sharma@gmail.com,"Village CB, District L, State Y","2025-10-13 00:03:24","2025-10-13 00:03:24"
81,"Ankit Mehta",9122005566,ankit.mehta@gmail.com,"Village CC, District K, State Y","2025-10-13 00:03:24","2025-10-13 00:03:24"
82,"Neha Joshi",9988116677,neha.joshi@gmail.com,"Village CD, District K, State Y","2025-10-13 00:03:24","2025-10-13 00:03:24"
83,"Ravi Kumar",9876500001,ravi.kumar1@example.com,"Village 1, District A, State X","2025-10-13 00:21:30","2025-10-13 00:21:30"
84,"Suman Sharma",9876500002,suman.sharma2@example.com,"Village 2, District A, State X","2025-10-13 00:21:30","2025-10-13 00:21:30"
85,"Amit Singh",9876500003,amit.singh3@example.com,"Village 3, District A, State X","2025-10-13 00:21:30","2025-10-13 00:21:30"
86,"Pooja Mehta",9876500004,pooja.mehta4@example.com,"Village 4, District A, State X","2025-10-13 00:21:30","2025-10-13 00:21:30"
87,"Vikram Patel",9876500005,vikram.patel5@example.com,"Village 5, District A, State X","2025-10-13 00:21:30","2025-10-13 00:21:30"
88,"Neha Gupta",9876500006,neha.gupta6@example.com,"Village 6, District B, State Y","2025-10-13 00:21:30","2025-10-13 00:21:30"
89,"Anil Verma",9876500007,anil.verma7@example.com,"Village 7, District B, State Y","2025-10-13 00:21:30","2025-10-13 00:21:30"
90,"Priya Reddy",9876500008,priya.reddy8@example.com,"Village 8, District B, State Y","2025-10-13 00:21:30","2025-10-13 00:21:30"
91,"Suresh Nair",9876500009,suresh.nair9@example.com,"Village 9, District B, State Y","2025-10-13 00:21:30","2025-10-13 00:21:30"
92,"Kavita Joshi",9876500010,kavita.joshi10@example.com,"Village 10, District B, State Y","2025-10-13 00:21:30","2025-10-13 00:21:30"
93,"Manoj Kumar",9876500011,manoj.kumar11@example.com,"Village 11, District C, State Z","2025-10-13 00:21:30","2025-10-13 00:21:30"
94,"Sunita Sharma",9876500012,sunita.sharma12@example.com,"Village 12, District C, State Z","2025-10-13 00:21:30","2025-10-13 00:21:30"
95,"Rohit Singh",9876500013,rohit.singh13@example.com,"Village 13, District C, State Z","2025-10-13 00:21:30","2025-10-13 00:21:30"
96,"Anjali Mehta",9876500014,anjali.mehta14@example.com,"Village 14, District C, State Z","2025-10-13 00:21:30","2025-10-13 00:21:30"
97,"Rajesh Patel",9876500015,rajesh.patel15@example.com,"Village 15, District C, State Z","2025-10-13 00:21:30","2025-10-13 00:21:30"
98,"Neeraj Gupta",9876500016,neeraj.gupta16@example.com,"Village 16, District D, State X","2025-10-13 00:21:30","2025-10-13 00:21:30"
99,"Pallavi Reddy",9876500017,pallavi.reddy17@example.com,"Village 17, District D, State X","2025-10-13 00:21:30","2025-10-13 00:21:30"
100,"Vijay Nair",9876500018,vijay.nair18@example.com,"Village 18, District D, State X","2025-10-13 00:21:30","2025-10-13 00:21:30"
101,"Rita Joshi",9876500019,rita.joshi19@example.com,"Village 19, District D, State X","2025-10-13 00:21:30","2025-10-13 00:21:30"
102,"Karan Kumar",9876500020,karan.kumar20@example.com,"Village 20, District D, State X","2025-10-13 00:21:30","2025-10-13 00:21:30"
103,"Anita Sharma",9876500021,anita.sharma21@example.com,"Village 21, District E, State Y","2025-10-13 00:21:30","2025-10-13 00:21:30"
104,"Sanjay Singh",9876500022,sanjay.singh22@example.com,"Village 22, District E, State Y","2025-10-13 00:21:30","2025-10-13 00:21:30"
105,"Rakesh Mehta",9876500023,rakesh.mehta23@example.com,"Village 23, District E, State Y","2025-10-13 00:21:30","2025-10-13 00:21:30"
106,"Maya Patel",9876500024,maya.patel24@example.com,"Village 24, District E, State Y","2025-10-13 00:21:30","2025-10-13 00:21:30"
107,"Deepak Gupta",9876500025,deepak.gupta25@example.com,"Village 25, District E, State Y","2025-10-13 00:21:30","2025-10-13 00:21:30"
108,"Sunil Reddy",9876500026,sunil.reddy26@example.com,"Village 26, District F, State Z","2025-10-13 00:21:30","2025-10-13 00:21:30"
109,"Seema Nair",9876500027,seema.nair27@example.com,"Village 27, District F, State Z","2025-10-13 00:21:30","2025-10-13 00:21:30"
110,"Rajiv Joshi",9876500028,rajiv.joshi28@example.com,"Village 28, District F, State Z","2025-10-13 00:21:30","2025-10-13 00:21:30"
111,"Poonam Kumar",9876500029,poonam.kumar29@example.com,"Village 29, District F, State Z","2025-10-13 00:21:30","2025-10-13 00:21:30"
112,"Ajay Sharma",9876500030,ajay.sharma30@example.com,"Village 30, District F, State Z","2025-10-13 00:21:30","2025-10-13 00:21:30"
113,"Neha Singh",9876500031,neha.singh31@example.com,"Village 31, District G, State X","2025-10-13 00:21:30","2025-10-13 00:21:30"
114,"Vikas Mehta",9876500032,vikas.mehta32@example.com,"Village 32, District G, State X","2025-10-13 00:21:30","2025-10-13 00:21:30"
115,"Priti Patel",9876500033,priti.patel33@example.com,"Village 33, District G, State X","2025-10-13 00:21:30","2025-10-13 00:21:30"
116,"Sanjay Gupta",9876500034,sanjay.gupta34@example.com,"Village 34, District G, State X","2025-10-13 00:21:30","2025-10-13 00:21:30"
117,"Ritu Reddy",9876500035,ritu.reddy35@example.com,"Village 35, District G, State X","2025-10-13 00:21:30","2025-10-13 00:21:30"
118,"Ankur Nair",9876500036,ankur.nair36@example.com,"Village 36, District H, State Y","2025-10-13 00:21:30","2025-10-13 00:21:30"
119,"Nisha Joshi",9876500037,nisha.joshi37@example.com,"Village 37, District H, State Y","2025-10-13 00:21:30","2025-10-13 00:21:30"
120,"Ramesh Kumar",9876500038,ramesh.kumar38@example.com,"Village 38, District H, State Y","2025-10-13 00:21:30","2025-10-13 00:21:30"
121,"Sangeeta Sharma",9876500039,sangeeta.sharma39@example.com,"Village 39, District H, State Y","2025-10-13 00:21:30","2025-10-13 00:21:30"
122,"Vijay Singh",9876500040,vijay.singh40@example.com,"Village 40, District H, State Y","2025-10-13 00:21:30","2025-10-13 00:21:30"
123,"Alok Mehta",9876500041,alok.mehta41@example.com,"Village 41, District I, State Z","2025-10-13 00:21:30","2025-10-13 00:21:30"
124,"Rashmi Patel",9876500042,rashmi.patel42@example.com,"Village 42, District I, State Z","2025-10-13 00:21:30","2025-10-13 00:21:30"
125,"Pradeep Gupta",9876500043,pradeep.gupta43@example.com,"Village 43, District I, State Z","2025-10-13 00:21:30","2025-10-13 00:21:30"
126,"Kiran Reddy",9876500044,kiran.reddy44@example.com,"Village 44, District I, State Z","2025-10-13 00:21:30","2025-10-13 00:21:30"
127,"Rohit Nair",9876500045,rohit.nair45@example.com,"Village 45, District I, State Z","2025-10-13 00:21:30","2025-10-13 00:21:30"
128,"Priya Joshi",9876500046,priya.joshi46@example.com,"Village 46, District J, State X","2025-10-13 00:21:30","2025-10-13 00:21:30"
129,"Suresh Kumar",9876500047,suresh.kumar47@example.com,"Village 47, District J, State X","2025-10-13 00:21:30","2025-10-13 00:21:30"
130,"Anita Sharma",9876500048,anita.sharma48@example.com,"Village 48, District J, State X","2025-10-13 00:21:30","2025-10-13 00:21:30"
131,"Vikram Singh",9876500049,vikram.singh49@example.com,"Village 49, District J, State X","2025-10-13 00:21:30","2025-10-13 00:21:30"
132,"Ritu Mehta",9876500050,ritu.mehta50@example.com,"Village 50, District J, State X","2025-10-13 00:21:30","2025-10-13 00:21:30"
133,"Manish Patel",9876500051,manish.patel51@example.com,"Village 51, District K, State Y","2025-10-13 00:21:30","2025-10-13 00:21:30"
134,"Neha Gupta",9876500052,neha.gupta52@example.com,"Village 52, District K, State Y","2025-10-13 00:21:30","2025-10-13 00:21:30"
135,"Amit Reddy",9876500053,amit.reddy53@example.com,"Village 53, District K, State Y","2025-10-13 00:21:30","2025-10-13 00:21:30"
136,"Pooja Nair",9876500054,pooja.nair54@example.com,"Village 54, District K, State Y","2025-10-13 00:21:30","2025-10-13 00:21:30"
137,"Rakesh Joshi",9876500055,rakesh.joshi55@example.com,"Village 55, District K, State Y","2025-10-13 00:21:30","2025-10-13 00:21:30"
138,"Sunil Kumar",9876500056,sunil.kumar56@example.com,"Village 56, District L, State Z","2025-10-13 00:21:30","2025-10-13 00:21:30"
139,"Kavita Sharma",9876500057,kavita.sharma57@example.com,"Village 57, District L, State Z","2025-10-13 00:21:30","2025-10-13 00:21:30"
140,"Rohit Singh",9876500058,rohit.singh58@example.com,"Village 58, District L, State Z","2025-10-13 00:21:30","2025-10-13 00:21:30"
141,"Anjali Mehta",9876500059,anjali.mehta59@example.com,"Village 59, District L, State Z","2025-10-13 00:21:30","2025-10-13 00:21:30"
142,"Vijay Patel",9876500060,vijay.patel60@example.com,"Village 60, District L, State Z","2025-10-13 00:21:30","2025-10-13 00:21:30"
143,"Neeraj Gupta",9876500061,neeraj.gupta61@example.com,"Village 61, District M, State X","2025-10-13 00:21:30","2025-10-13 00:21:30"
144,"Pallavi Reddy",9876500062,pallavi.reddy62@example.com,"Village 62, District M, State X","2025-10-13 00:21:30","2025-10-13 00:21:30"
145,"Vikram Nair",9876500063,vikram.nair63@example.com,"Village 63, District M, State X","2025-10-13 00:21:30","2025-10-13 00:21:30"
146,"Rita Joshi",9876500064,rita.joshi64@example.com,"Village 64, District M, State X","2025-10-13 00:21:30","2025-10-13 00:21:30"
147,"Karan Kumar",9876500065,karan.kumar65@example.com,"Village 65, District M, State X","2025-10-13 00:21:30","2025-10-13 00:21:30"
148,"Anita Sharma",9876500066,anita.sharma66@example.com,"Village 66, District N, State Y","2025-10-13 00:21:30","2025-10-13 00:21:30"
149,"Sanjay Singh",9876500067,sanjay.singh67@example.com,"Village 67, District N, State Y","2025-10-13 00:21:30","2025-10-13 00:21:30"
150,"Rakesh Mehta",9876500068,rakesh.mehta68@example.com,"Village 68, District N, State Y","2025-10-13 00:21:30","2025-10-13 00:21:30"
151,"Maya Patel",9876500069,maya.patel69@example.com,"Village 69, District N, State Y","2025-10-13 00:21:30","2025-10-13 00:21:30"
152,"Deepak Gupta",9876500070,deepak.gupta70@example.com,"Village 70, District N, State Y","2025-10-13 00:21:30","2025-10-13 00:21:30"
153,"Sunil Reddy",9876500071,sunil.reddy71@example.com,"Village 71, District O, State Z","2025-10-13 00:21:30","2025-10-13 00:21:30"
154,"Seema Nair",9876500072,seema.nair72@example.com,"Village 72, District O, State Z","2025-10-13 00:21:30","2025-10-13 00:21:30"
155,"Rajiv Joshi",9876500073,rajiv.joshi73@example.com,"Village 73, District O, State Z","2025-10-13 00:21:30","2025-10-13 00:21:30"
156,"Poonam Kumar",9876500074,poonam.kumar74@example.com,"Village 74, District O, State Z","2025-10-13 00:21:30","2025-10-13 00:21:30"
157,"Ajay Sharma",9876500075,ajay.sharma75@example.com,"Village 75, District O, State Z","2025-10-13 00:21:30","2025-10-13 00:21:30"
158,"Neha Singh",9876500076,neha.singh76@example.com,"Village 76, District P, State X","2025-10-13 00:21:30","2025-10-13 00:21:30"
159,"Vikas Mehta",9876500077,vikas.mehta77@example.com,"Village 77, District P, State X","2025-10-13 00:21:30","2025-10-13 00:21:30"
160,"Priti Patel",9876500078,priti.patel78@example.com,"Village 78, District P, State X","2025-10-13 00:21:30","2025-10-13 00:21:30"
161,"Sanjay Gupta",9876500079,sanjay.gupta79@example.com,"Village 79, District P, State X","2025-10-13 00:21:30","2025-10-13 00:21:30"
162,"Ritu Reddy",9876500080,ritu.reddy80@example.com,"Village 80, District P, State X","2025-10-13 00:21:30","2025-10-13 00:21:30"
163,"Ankur Nair",9876500081,ankur.nair81@example.com,"Village 81, District Q, State Y","2025-10-13 00:21:30","2025-10-13 00:21:30"
164,"Nisha Joshi",9876500082,nisha.joshi82@example.com,"Village 82, District Q, State Y","2025-10-13 00:21:30","2025-10-13 00:21:30"
165,"Ramesh Kumar",9876500083,ramesh.kumar83@example.com,"Village 83, District Q, State Y","2025-10-13 00:21:30","2025-10-13 00:21:30"
166,"Sangeeta Sharma",9876500084,sangeeta.sharma84@example.com,"Village 84, District Q, State Y","2025-10-13 00:21:30","2025-10-13 00:21:30"
167,"Vijay Singh",9876500085,vijay.singh85@example.com,"Village 85, District Q, State Y","2025-10-13 00:21:30","2025-10-13 00:21:30"
168,"Alok Mehta",9876500086,alok.mehta86@example.com,"Village 86, District R, State Z","2025-10-13 00:21:30","2025-10-13 00:21:30"
169,"Rashmi Patel",9876500087,rashmi.patel87@example.com,"Village 87, District R, State Z","2025-10-13 00:21:30","2025-10-13 00:21:30"
170,"Pradeep Gupta",9876500088,pradeep.gupta88@example.com,"Village 88, District R, State Z","2025-10-13 00:21:30","2025-10-13 00:21:30"
171,"Kiran Reddy",9876500089,kiran.reddy89@example.com,"Village 89, District R, State Z","2025-10-13 00:21:30","2025-10-13 00:21:30"
172,"Rohit Nair",9876500090,rohit.nair90@example.com,"Village 90, District R, State Z","2025-10-13 00:21:30","2025-10-13 00:21:30"
173,"Priya Joshi",9876500091,priya.joshi91@example.com,"Village 91, District S, State X","2025-10-13 00:21:30","2025-10-13 00:21:30"
174,"Suresh Kumar",9876500092,suresh.kumar92@example.com,"Village 92, District S, State X","2025-10-13 00:21:30","2025-10-13 00:21:30"
175,"Anita Sharma",9876500093,anita.sharma93@example.com,"Village 93, District S, State X","2025-10-13 00:21:30","2025-10-13 00:21:30"
176,"Vikram Singh",9876500094,vikram.singh94@example.com,"Village 94, District S, State X","2025-10-13 00:21:30","2025-10-13 00:21:30"
177,"Ritu Mehta",9876500095,ritu.mehta95@example.com,"Village 95, District S, State X","2025-10-13 00:21:30","2025-10-13 00:21:30"
178,"Manish Patel",9876500096,manish.patel96@example.com,"Village 96, District T, State Y","2025-10-13 00:21:30","2025-10-13 00:21:30"
179,"Neha Gupta",9876500097,neha.gupta97@example.com,"Village 97, District T, State Y","2025-10-13 00:21:30","2025-10-13 00:21:30"
180,"Amit Reddy",9876500098,amit.reddy98@example.com,"Village 98, District T, State Y","2025-10-13 00:21:30","2025-10-13 00:21:30"
181,"Pooja Nair",9876500099,pooja.nair99@example.com,"Village 99, District T, State Y","2025-10-13 00:21:30","2025-10-13 00:21:30"
182,"Rakesh Joshi",9876500100,rakesh.joshi100@example.com,"Village 100, District T, State Y","2025-10-13 00:21:30","2025-10-13 00:21:30"
183,"Sunil Kumar",9876500101,sunil.kumar101@example.com,"Village 101, District U, State Z","2025-10-13 00:21:30","2025-10-13 00:21:30"
184,"Kavita Sharma",9876500102,kavita.sharma102@example.com,"Village 102, District U, State Z","2025-10-13 00:21:30","2025-10-13 00:21:30"
185,"Rohit Singh",9876500103,rohit.singh103@example.com,"Village 103, District U, State Z","2025-10-13 00:21:30","2025-10-13 00:21:30"
186,"Anjali Mehta",9876500104,anjali.mehta104@example.com,"Village 104, District U, State Z","2025-10-13 00:21:30","2025-10-13 00:21:30"
187,"Vijay Patel",9876500105,vijay.patel105@example.com,"Village 105, District U, State Z","2025-10-13 00:21:30","2025-10-13 00:21:30"
188,"Neeraj Gupta",9876500106,neeraj.gupta106@example.com,"Village 106, District V, State X","2025-10-13 00:21:30","2025-10-13 00:21:30"
189,"Pallavi Reddy",9876500107,pallavi.reddy107@example.com,"Village 107, District V, State X","2025-10-13 00:21:30","2025-10-13 00:21:30"
190,"Vikram Nair",9876500108,vikram.nair108@example.com,"Village 108, District V, State X","2025-10-13 00:21:30","2025-10-13 00:21:30"
191,"Rita Joshi",9876500109,rita.joshi109@example.com,"Village 109, District V, State X","2025-10-13 00:21:30","2025-10-13 00:21:30"
192,"Karan Kumar",9876500110,karan.kumar110@example.com,"Village 110, District V, State X","2025-10-13 00:21:30","2025-10-13 00:21:30"
193,"Anita Sharma",9876500111,anita.sharma111@example.com,"Village 111, District W, State Y","2025-10-13 00:21:30","2025-10-13 00:21:30"
194,"Sanjay Singh",9876500112,sanjay.singh112@example.com,"Village 112, District W, State Y","2025-10-13 00:21:30","2025-10-13 00:21:30"
195,"Rakesh Mehta",9876500113,rakesh.mehta113@example.com,"Village 113, District W, State Y","2025-10-13 00:21:30","2025-10-13 00:21:30"
196,"Maya Patel",9876500114,maya.patel114@example.com,"Village 114, District W, State Y","2025-10-13 00:21:30","2025-10-13 00:21:30"
197,"Deepak Gupta",9876500115,deepak.gupta115@example.com,"Village 115, District W, State Y","2025-10-13 00:21:30","2025-10-13 00:21:30"
198,"Sunil Reddy",9876500116,sunil.reddy116@example.com,"Village 116, District X, State Z","2025-10-13 00:21:30","2025-10-13 00:21:30"
199,"Seema Nair",9876500117,seema.nair117@example.com,"Village 117, District X, State Z","2025-10-13 00:21:30","2025-10-13 00:21:30"
200,"Rajiv Joshi",9876500118,rajiv.joshi118@example.com,"Village 118, District X, State Z","2025-10-13 00:21:30","2025-10-13 00:21:30"
201,"Poonam Kumar",9876500119,poonam.kumar119@example.com,"Village 119, District X, State Z","2025-10-13 00:21:30","2025-10-13 00:21:30"
202,"Ajay Sharma",9876500120,ajay.sharma120@example.com,"Village 120, District X, State Z","2025-10-13 00:21:30","2025-10-13 00:21:30"
203,"Neha Singh",9876500121,neha.singh121@example.com,"Village 121, District Y, State X","2025-10-13 00:21:30","2025-10-13 00:21:30"
204,"Vikas Mehta",9876500122,vikas.mehta122@example.com,"Village 122, District Y, State X","2025-10-13 00:21:30","2025-10-13 00:21:30"
205,"Priti Patel",9876500123,priti.patel123@example.com,"Village 123, District Y, State X","2025-10-13 00:21:30","2025-10-13 00:21:30"
206,"Sanjay Gupta",9876500124,sanjay.gupta124@example.com,"Village 124, District Y, State X","2025-10-13 00:21:30","2025-10-13 00:21:30"
207,"Ritu Reddy",9876500125,ritu.reddy125@example.com,"Village 125, District Y, State X","2025-10-13 00:21:30","2025-10-13 00:21:30"
208,"Ankur Nair",9876500126,ankur.nair126@example.com,"Village 126, District Z, State Y","2025-10-13 00:21:30","2025-10-13 00:21:30"
209,"Nisha Joshi",9876500127,nisha.joshi127@example.com,"Village 127, District Z, State Y","2025-10-13 00:21:30","2025-10-13 00:21:30"
210,"Ramesh Kumar",9876500128,ramesh.kumar128@example.com,"Village 128, District Z, State Y","2025-10-13 00:21:30","2025-10-13 00:21:30"
211,"Sangeeta Sharma",9876500129,sangeeta.sharma129@example.com,"Village 129, District Z, State Y","2025-10-13 00:21:30","2025-10-13 00:21:30"
212,"Vijay Singh",9876500130,vijay.singh130@example.com,"Village 130, District Z, State Y","2025-10-13 00:21:30","2025-10-13 00:21:30"
213,"Alok Mehta",9876500131,alok.mehta131@example.com,"Village 131, District A1, State Z","2025-10-13 00:21:30","2025-10-13 00:21:30"
214,"Rashmi Patel",9876500132,rashmi.patel132@example.com,"Village 132, District A1, State Z","2025-10-13 00:21:30","2025-10-13 00:21:30"
215,"Pradeep Gupta",9876500133,pradeep.gupta133@example.com,"Village 133, District A1, State Z","2025-10-13 00:21:30","2025-10-13 00:21:30"
216,"Kiran Reddy",9876500134,kiran.reddy134@example.com,"Village 134, District A1, State Z","2025-10-13 00:21:30","2025-10-13 00:21:30"
217,"Rohit Nair",9876500135,rohit.nair135@example.com,"Village 135, District A1, State Z","2025-10-13 00:21:30","2025-10-13 00:21:30"
218,"Priya Joshi",9876500136,priya.joshi136@example.com,"Village 136, District B1, State X","2025-10-13 00:21:30","2025-10-13 00:21:30"
219,"Suresh Kumar",9876500137,suresh.kumar137@example.com,"Village 137, District B1, State X","2025-10-13 00:21:30","2025-10-13 00:21:30"
220,"Anita Sharma",9876500138,anita.sharma138@example.com,"Village 138, District B1, State X","2025-10-13 00:21:30","2025-10-13 00:21:30"
221,"Vikram Singh",9876500139,vikram.singh139@example.com,"Village 139, District B1, State X","2025-10-13 00:21:30","2025-10-13 00:21:30"
222,"Ritu Mehta",9876500140,ritu.mehta140@example.com,"Village 140, District B1, State X","2025-10-13 00:21:30","2025-10-13 00:21:30"
223,"Manish Patel",9876500141,manish.patel141@example.com,"Village 141, District C1, State Y","2025-10-13 00:21:30","2025-10-13 00:21:30"
224,"Neha Gupta",9876500142,neha.gupta142@example.com,"Village 142, District C1, State Y","2025-10-13 00:21:30","2025-10-13 00:21:30"
225,"Amit Reddy",9876500143,amit.reddy143@example.com,"Village 143, District C1, State Y","2025-10-13 00:21:30","2025-10-13 00:21:30"
226,"Pooja Nair",9876500144,pooja.nair144@example.com,"Village 144, District C1, State Y","2025-10-13 00:21:30","2025-10-13 00:21:30"
227,"Rakesh Joshi",9876500145,rakesh.joshi145@example.com,"Village 145, District C1, State Y","2025-10-13 00:21:30","2025-10-13 00:21:30"
228,"Sunil Kumar",9876500146,sunil.kumar146@example.com,"Village 146, District D1, State Z","2025-10-13 00:21:30","2025-10-13 00:21:30"
229,"Kavita Sharma",9876500147,kavita.sharma147@example.com,"Village 147, District D1, State Z","2025-10-13 00:21:30","2025-10-13 00:21:30"
230,"Rohit Singh",9876500148,rohit.singh148@example.com,"Village 148, District D1, State Z","2025-10-13 00:21:30","2025-10-13 00:21:30"
231,"Anjali Mehta",9876500149,anjali.mehta149@example.com,"Village 149, District D1, State Z","2025-10-13 00:21:30","2025-10-13 00:21:30"
232,"Vijay Patel",9876500150,vijay.patel150@example.com,"Village 150, District D1, State Z","2025-10-13 00:21:30","2025-10-13 00:21:30"
233,"Neeraj Gupta",9876500151,neeraj.gupta151@example.com,"Village 151, District E1, State X","2025-10-13 00:21:30","2025-10-13 00:21:30"
234,"Pallavi Reddy",9876500152,pallavi.reddy152@example.com,"Village 152, District E1, State X","2025-10-13 00:21:30","2025-10-13 00:21:30"
235,"Vikram Nair",9876500153,vikram.nair153@example.com,"Village 153, District E1, State X","2025-10-13 00:21:30","2025-10-13 00:21:30"
236,"Rita Joshi",9876500154,rita.joshi154@example.com,"Village 154, District E1, State X","2025-10-13 00:21:30","2025-10-13 00:21:30"
237,"Karan Kumar",9876500155,karan.kumar155@example.com,"Village 155, District E1, State X","2025-10-13 00:21:30","2025-10-13 00:21:30"
238,"Anita Sharma",9876500156,anita.sharma156@example.com,"Village 156, District F1, State Y","2025-10-13 00:21:30","2025-10-13 00:21:30"
239,"Sanjay Singh",9876500157,sanjay.singh157@example.com,"Village 157, District F1, State Y","2025-10-13 00:21:30","2025-10-13 00:21:30"
240,"Rakesh Mehta",9876500158,rakesh.mehta158@example.com,"Village 158, District F1, State Y","2025-10-13 00:21:30","2025-10-13 00:21:30"
241,"Maya Patel",9876500159,maya.patel159@example.com,"Village 159, District F1, State Y","2025-10-13 00:21:30","2025-10-13 00:21:30"
242,"Deepak Gupta",9876500160,deepak.gupta160@example.com,"Village 160, District F1, State Y","2025-10-13 00:21:30","2025-10-13 00:21:30"
243,"Sunil Reddy",9876500161,sunil.reddy161@example.com,"Village 161, District G1, State Z","2025-10-13 00:21:30","2025-10-13 00:21:30"
244,"Seema Nair",9876500162,seema.nair162@example.com,"Village 162, District G1, State Z","2025-10-13 00:21:30","2025-10-13 00:21:30"
245,"Rajiv Joshi",9876500163,rajiv.joshi163@example.com,"Village 163, District G1, State Z","2025-10-13 00:21:30","2025-10-13 00:21:30"
246,"Poonam Kumar",9876500164,poonam.kumar164@example.com,"Village 164, District G1, State Z","2025-10-13 00:21:30","2025-10-13 00:21:30"
247,"Ramesh Kumar",9876500001,ramesh.kumar1@example.com,"Sector 1, Greenfield","2025-10-13 15:14:38","2025-10-13 15:14:38"
248,"Suresh Sharma",9876500002,suresh.sharma2@example.com,"Sector 2, Greenfield","2025-10-13 15:14:38","2025-10-13 15:14:38"
249,"Anita Singh",9876500003,anita.singh3@example.com,"Sector 3, Greenfield","2025-10-13 15:14:38","2025-10-13 15:14:38"
250,"Vikram Yadav",9876500004,vikram.yadav4@example.com,"Sector 4, Greenfield","2025-10-13 15:14:38","2025-10-13 15:14:38"
251,"Pooja Verma",9876500005,pooja.verma5@example.com,"Sector 5, Greenfield","2025-10-13 15:14:38","2025-10-13 15:14:38"
252,"Rajesh Gupta",9876500006,rajesh.gupta6@example.com,"Sector 6, Greenfield","2025-10-13 15:14:38","2025-10-13 15:14:38"
253,"Sunita Rani",9876500007,sunita.rani7@example.com,"Sector 7, Greenfield","2025-10-13 15:14:38","2025-10-13 15:14:38"
254,"Amit Chauhan",9876500008,amit.chauhan8@example.com,"Sector 8, Greenfield","2025-10-13 15:14:38","2025-10-13 15:14:38"
255,"Deepak Joshi",9876500009,deepak.joshi9@example.com,"Sector 9, Greenfield","2025-10-13 15:14:38","2025-10-13 15:14:38"
256,"Neha Mehta",9876500010,neha.mehta10@example.com,"Sector 10, Greenfield","2025-10-13 15:14:38","2025-10-13 15:14:38"
257,"Karan Malhotra",9876500011,karan.malhotra11@example.com,"Sector 11, Greenfield","2025-10-13 15:14:38","2025-10-13 15:14:38"
258,"Ritu Aggarwal",9876500012,ritu.aggarwal12@example.com,"Sector 12, Greenfield","2025-10-13 15:14:38","2025-10-13 15:14:38"
259,"Vikas Bhatia",9876500013,vikas.bhatia13@example.com,"Sector 13, Greenfield","2025-10-13 15:14:38","2025-10-13 15:14:38"
260,"Priya Nair",9876500014,priya.nair14@example.com,"Sector 14, Greenfield","2025-10-13 15:14:38","2025-10-13 15:14:38"
261,"Ajay Rao",9876500015,ajay.rao15@example.com,"Sector 15, Greenfield","2025-10-13 15:14:38","2025-10-13 15:14:38"
262,"Shweta Dixit",9876500016,shweta.dixit16@example.com,"Sector 16, Greenfield","2025-10-13 15:14:38","2025-10-13 15:14:38"
263,"Rohit Sinha",9876500017,rohit.sinha17@example.com,"Sector 17, Greenfield","2025-10-13 15:14:38","2025-10-13 15:14:38"
264,"Anjali Khanna",9876500018,anjali.khanna18@example.com,"Sector 18, Greenfield","2025-10-13 15:14:38","2025-10-13 15:14:38"
265,"Manish Verma",9876500019,manish.verma19@example.com,"Sector 19, Greenfield","2025-10-13 15:14:38","2025-10-13 15:14:38"
266,"Sneha Gupta",9876500020,sneha.gupta20@example.com,"Sector 20, Greenfield","2025-10-13 15:14:38","2025-10-13 15:14:38"
267,"Harish Patel",9876500021,harish.patel21@example.com,"Sector 21, Greenfield","2025-10-13 15:14:38","2025-10-13 15:14:38"
268,"Rekha Sharma",9876500022,rekha.sharma22@example.com,"Sector 22, Greenfield","2025-10-13 15:14:38","2025-10-13 15:14:38"
269,"Sanjay Kumar",9876500023,sanjay.kumar23@example.com,"Sector 23, Greenfield","2025-10-13 15:14:38","2025-10-13 15:14:38"
270,"Divya Singh",9876500024,divya.singh24@example.com,"Sector 24, Greenfield","2025-10-13 15:14:38","2025-10-13 15:14:38"
271,"Nitin Rathi",9876500025,nitin.rathi25@example.com,"Sector 25, Greenfield","2025-10-13 15:14:38","2025-10-13 15:14:38"
272,"Priyanka Mehra",9876500026,priyanka.mehra26@example.com,"Sector 26, Greenfield","2025-10-13 15:14:38","2025-10-13 15:14:38"
273,"Ashok Yadav",9876500027,ashok.yadav27@example.com,"Sector 27, Greenfield","2025-10-13 15:14:38","2025-10-13 15:14:38"
274,"Neeraj Kapoor",9876500028,neeraj.kapoor28@example.com,"Sector 28, Greenfield","2025-10-13 15:14:38","2025-10-13 15:14:38"
275,"Sonia Choudhary",9876500029,sonia.choudhary29@example.com,"Sector 29, Greenfield","2025-10-13 15:14:38","2025-10-13 15:14:38"
276,"Rajan Verma",9876500030,rajan.verma30@example.com,"Sector 30, Greenfield","2025-10-13 15:14:38","2025-10-13 15:14:38"
277,"Kavita Sharma",9876500031,kavita.sharma31@example.com,"Sector 31, Greenfield","2025-10-13 15:14:38","2025-10-13 15:14:38"
278,"Ajit Rao",9876500032,ajit.rao32@example.com,"Sector 32, Greenfield","2025-10-13 15:14:38","2025-10-13 15:14:38"
279,"Neha Jain",9876500033,neha.jain33@example.com,"Sector 33, Greenfield","2025-10-13 15:14:38","2025-10-13 15:14:38"
280,"Vikash Mehta",9876500034,vikash.mehta34@example.com,"Sector 34, Greenfield","2025-10-13 15:14:38","2025-10-13 15:14:38"
281,"Ritu Yadav",9876500035,ritu.yadav35@example.com,"Sector 35, Greenfield","2025-10-13 15:14:38","2025-10-13 15:14:38"
282,"Rohit Gupta",9876500036,rohit.gupta36@example.com,"Sector 36, Greenfield","2025-10-13 15:14:38","2025-10-13 15:14:38"
283,"Shilpa Rani",9876500037,shilpa.rani37@example.com,"Sector 37, Greenfield","2025-10-13 15:14:38","2025-10-13 15:14:38"
284,"Sandeep Joshi",9876500038,sandeep.joshi38@example.com,"Sector 38, Greenfield","2025-10-13 15:14:38","2025-10-13 15:14:38"
285,"Neetu Verma",9876500039,neetu.verma39@example.com,"Sector 39, Greenfield","2025-10-13 15:14:38","2025-10-13 15:14:38"
286,"Ajay Singh",9876500040,ajay.singh40@example.com,"Sector 40, Greenfield","2025-10-13 15:14:38","2025-10-13 15:14:38"
287,"Priya Sharma",9876500041,priya.sharma41@example.com,"Sector 41, Greenfield","2025-10-13 15:14:38","2025-10-13 15:14:38"
288,"Vikram Mehra",9876500042,vikram.mehra42@example.com,"Sector 42, Greenfield","2025-10-13 15:14:38","2025-10-13 15:14:38"
289,"Anita Kapoor",9876500043,anita.kapoor43@example.com,"Sector 43, Greenfield","2025-10-13 15:14:38","2025-10-13 15:14:38"
290,"Rakesh Yadav",9876500044,rakesh.yadav44@example.com,"Sector 44, Greenfield","2025-10-13 15:14:38","2025-10-13 15:14:38"
291,"Sunita Jain",9876500045,sunita.jain45@example.com,"Sector 45, Greenfield","2025-10-13 15:14:38","2025-10-13 15:14:38"
292,"Deepak Gupta",9876500046,deepak.gupta46@example.com,"Sector 46, Greenfield","2025-10-13 15:14:38","2025-10-13 15:14:38"
293,"Rekha Verma",9876500047,rekha.verma47@example.com,"Sector 47, Greenfield","2025-10-13 15:14:38","2025-10-13 15:14:38"
294,"Sanjay Sharma",9876500048,sanjay.sharma48@example.com,"Sector 48, Greenfield","2025-10-13 15:14:38","2025-10-13 15:14:38"
295,"Divya Singh",9876500049,divya.singh49@example.com,"Sector 49, Greenfield","2025-10-13 15:14:38","2025-10-13 15:14:38"
296,"Nitin Mehta",9876500050,nitin.mehta50@example.com,"Sector 50, Greenfield","2025-10-13 15:14:38","2025-10-13 15:14:38"
297,"Rakesh Kumar",9876500051,rakesh.kumar51@example.com,"Sector 51, Greenfield","2025-10-13 15:14:38","2025-10-13 15:14:38"
298,"Shilpa Verma",9876500052,shilpa.verma52@example.com,"Sector 52, Greenfield","2025-10-13 15:14:38","2025-10-13 15:14:38"
299,"Anjali Sharma",9876500053,anjali.sharma53@example.com,"Sector 53, Greenfield","2025-10-13 15:14:38","2025-10-13 15:14:38"
300,"Manish Yadav",9876500054,manish.yadav54@example.com,"Sector 54, Greenfield","2025-10-13 15:14:38","2025-10-13 15:14:38"
301,"Pooja Jain",9876500055,pooja.jain55@example.com,"Sector 55, Greenfield","2025-10-13 15:14:38","2025-10-13 15:14:38"
302,"Rohit Mehta",9876500056,rohit.mehta56@example.com,"Sector 56, Greenfield","2025-10-13 15:14:38","2025-10-13 15:14:38"
303,"Neha Gupta",9876500057,neha.gupta57@example.com,"Sector 57, Greenfield","2025-10-13 15:14:38","2025-10-13 15:14:38"
304,"Vikram Sharma",9876500058,vikram.sharma58@example.com,"Sector 58, Greenfield","2025-10-13 15:14:38","2025-10-13 15:14:38"
305,"Sonia Verma",9876500059,sonia.verma59@example.com,"Sector 59, Greenfield","2025-10-13 15:14:38","2025-10-13 15:14:38"
306,"Rajan Singh",9876500060,rajan.singh60@example.com,"Sector 60, Greenfield","2025-10-13 15:14:38","2025-10-13 15:14:38"
307,"Kavita Kapoor",9876500061,kavita.kapoor61@example.com,"Sector 61, Greenfield","2025-10-13 15:14:38","2025-10-13 15:14:38"
308,"Ajay Malhotra",9876500062,ajay.malhotra62@example.com,"Sector 62, Greenfield","2025-10-13 15:14:38","2025-10-13 15:14:38"
309,"Neetu Rani",9876500063,neetu.rani63@example.com,"Sector 63, Greenfield","2025-10-13 15:14:38","2025-10-13 15:14:38"
310,"Deepak Yadav",9876500064,deepak.yadav64@example.com,"Sector 64, Greenfield","2025-10-13 15:14:38","2025-10-13 15:14:38"
311,"Ritu Verma",9876500065,ritu.verma65@example.com,"Sector 65, Greenfield","2025-10-13 15:14:38","2025-10-13 15:14:38"
312,"Sandeep Sharma",9876500066,sandeep.sharma66@example.com,"Sector 66, Greenfield","2025-10-13 15:14:38","2025-10-13 15:14:38"
313,"Shweta Gupta",9876500067,shweta.gupta67@example.com,"Sector 67, Greenfield","2025-10-13 15:14:38","2025-10-13 15:14:38"
314,"Rohit Jain",9876500068,rohit.jain68@example.com,"Sector 68, Greenfield","2025-10-13 15:14:38","2025-10-13 15:14:38"
315,"Anita Verma",9876500069,anita.verma69@example.com,"Sector 69, Greenfield","2025-10-13 15:14:38","2025-10-13 15:14:38"
316,"Rajesh Singh",9876500070,rajesh.singh70@example.com,"Sector 70, Greenfield","2025-10-13 15:14:38","2025-10-13 15:14:38"
317,"Priya Kapoor",9876500071,priya.kapoor71@example.com,"Sector 71, Greenfield","2025-10-13 15:14:38","2025-10-13 15:14:38"
318,"Vikram Malhotra",9876500072,vikram.malhotra72@example.com,"Sector 72, Greenfield","2025-10-13 15:14:38","2025-10-13 15:14:38"
319,"Ritu Sharma",9876500073,ritu.sharma73@example.com,"Sector 73, Greenfield","2025-10-13 15:14:38","2025-10-13 15:14:38"
320,"Neha Rani",9876500074,neha.rani74@example.com,"Sector 74, Greenfield","2025-10-13 15:14:38","2025-10-13 15:14:38"
321,"Sanjay Verma",9876500075,sanjay.verma75@example.com,"Sector 75, Greenfield","2025-10-13 15:14:38","2025-10-13 15:14:38"
322,"Divya Kapoor",9876500076,divya.kapoor76@example.com,"Sector 76, Greenfield","2025-10-13 15:14:38","2025-10-13 15:14:38"
323,"Nitin Sharma",9876500077,nitin.sharma77@example.com,"Sector 77, Greenfield","2025-10-13 15:14:38","2025-10-13 15:14:38"
324,"Anjali Gupta",9876500078,anjali.gupta78@example.com,"Sector 78, Greenfield","2025-10-13 15:14:38","2025-10-13 15:14:38"
325,"Manish Verma",9876500079,manish.verma79@example.com,"Sector 79, Greenfield","2025-10-13 15:14:38","2025-10-13 15:14:38"
326,"Pooja Singh",9876500080,pooja.singh80@example.com,"Sector 80, Greenfield","2025-10-13 15:14:38","2025-10-13 15:14:38"
327,"Rohit Kapoor",9876500081,rohit.kapoor81@example.com,"Sector 81, Greenfield","2025-10-13 15:14:38","2025-10-13 15:14:38"
328,"Neha Malhotra",9876500082,neha.malhotra82@example.com,"Sector 82, Greenfield","2025-10-13 15:14:38","2025-10-13 15:14:38"
329,"Vikram Sharma",9876500083,vikram.sharma83@example.com,"Sector 83, Greenfield","2025-10-13 15:14:38","2025-10-13 15:14:38"
330,"Sonia Rani",9876500084,sonia.rani84@example.com,"Sector 84, Greenfield","2025-10-13 15:14:38","2025-10-13 15:14:38"
331,"Rajan Verma",9876500085,rajan.verma85@example.com,"Sector 85, Greenfield","2025-10-13 15:14:38","2025-10-13 15:14:38"
332,"Kavita Singh",9876500086,kavita.singh86@example.com,"Sector 86, Greenfield","2025-10-13 15:14:38","2025-10-13 15:14:38"
333,"Ajay Sharma",9876500087,ajay.sharma87@example.com,"Sector 87, Greenfield","2025-10-13 15:14:38","2025-10-13 15:14:38"
334,"Neetu Verma",9876500088,neetu.verma88@example.com,"Sector 88, Greenfield","2025-10-13 15:14:38","2025-10-13 15:14:38"
335,"Deepak Kapoor",9876500089,deepak.kapoor89@example.com,"Sector 89, Greenfield","2025-10-13 15:14:38","2025-10-13 15:14:38"
336,"Ritu Malhotra",9876500090,ritu.malhotra90@example.com,"Sector 90, Greenfield","2025-10-13 15:14:38","2025-10-13 15:14:38"
337,"Sandeep Gupta",9876500091,sandeep.gupta91@example.com,"Sector 91, Greenfield","2025-10-13 15:14:38","2025-10-13 15:14:38"
338,"Shweta Verma",9876500092,shweta.verma92@example.com,"Sector 92, Greenfield","2025-10-13 15:14:38","2025-10-13 15:14:38"
339,"Rohit Singh",9876500093,rohit.singh93@example.com,"Sector 93, Greenfield","2025-10-13 15:14:38","2025-10-13 15:14:38"
340,"Anita Kapoor",9876500094,anita.kapoor94@example.com,"Sector 94, Greenfield","2025-10-13 15:14:38","2025-10-13 15:14:38"
341,"Rajesh Malhotra",9876500095,rajesh.malhotra95@example.com,"Sector 95, Greenfield","2025-10-13 15:14:38","2025-10-13 15:14:38"
342,"Priya Rani",9876500096,priya.rani96@example.com,"Sector 96, Greenfield","2025-10-13 15:14:38","2025-10-13 15:14:38"
343,"Vikram Verma",9876500097,vikram.verma97@example.com,"Sector 97, Greenfield","2025-10-13 15:14:38","2025-10-13 15:14:38"
344,"Ritu Singh",9876500098,ritu.singh98@example.com,"Sector 98, Greenfield","2025-10-13 15:14:38","2025-10-13 15:14:38"
345,"Neha Kapoor",9876500099,neha.kapoor99@example.com,"Sector 99, Greenfield","2025-10-13 15:14:38","2025-10-13 15:14:38"
346,"Sanjay Malhotra",9876500100,sanjay.malhotra100@example.com,"Sector 100, Greenfield","2025-10-13 15:14:38","2025-10-13 15:14:38"
347,"Divya Rani",9876500101,divya.rani101@example.com,"Sector 101, Greenfield","2025-10-13 15:14:38","2025-10-13 15:14:38"
348,"Nitin Verma",9876500102,nitin.verma102@example.com,"Sector 102, Greenfield","2025-10-13 15:14:38","2025-10-13 15:14:38"
349,"Anjali Singh",9876500103,anjali.singh103@example.com,"Sector 103, Greenfield","2025-10-13 15:14:38","2025-10-13 15:14:38"
350,"Manish Kapoor",9876500104,manish.kapoor104@example.com,"Sector 104, Greenfield","2025-10-13 15:14:38","2025-10-13 15:14:38"
351,"Pooja Malhotra",9876500105,pooja.malhotra105@example.com,"Sector 105, Greenfield","2025-10-13 15:14:38","2025-10-13 15:14:38"
352,"Rohit Verma",9876500106,rohit.verma106@example.com,"Sector 106, Greenfield","2025-10-13 15:14:38","2025-10-13 15:14:38"
353,"Neha Singh",9876500107,neha.singh107@example.com,"Sector 107, Greenfield","2025-10-13 15:14:38","2025-10-13 15:14:38"
354,"Vikram Kapoor",9876500108,vikram.kapoor108@example.com,"Sector 108, Greenfield","2025-10-13 15:14:38","2025-10-13 15:14:38"
355,"Sonia Malhotra",9876500109,sonia.malhotra109@example.com,"Sector 109, Greenfield","2025-10-13 15:14:38","2025-10-13 15:14:38"
356,"Rajan Singh",9876500110,rajan.singh110@example.com,"Sector 110, Greenfield","2025-10-13 15:14:38","2025-10-13 15:14:38"
357,"Kavita Verma",9876500111,kavita.verma111@example.com,"Sector 111, Greenfield","2025-10-13 15:14:38","2025-10-13 15:14:38"
358,"Ajay Malhotra",9876500112,ajay.malhotra112@example.com,"Sector 112, Greenfield","2025-10-13 15:14:38","2025-10-13 15:14:38"
359,"Neetu Sharma",9876500113,neetu.sharma113@example.com,"Sector 113, Greenfield","2025-10-13 15:14:38","2025-10-13 15:14:38"
360,"Deepak Verma",9876500114,deepak.verma114@example.com,"Sector 114, Greenfield","2025-10-13 15:14:38","2025-10-13 15:14:38"
361,"Ritu Rani",9876500115,ritu.rani115@example.com,"Sector 115, Greenfield","2025-10-13 15:14:38","2025-10-13 15:14:38"
362,"Sandeep Kapoor",9876500116,sandeep.kapoor116@example.com,"Sector 116, Greenfield","2025-10-13 15:14:38","2025-10-13 15:14:38"
363,"Shweta Malhotra",9876500117,shweta.malhotra117@example.com,"Sector 117, Greenfield","2025-10-13 15:14:38","2025-10-13 15:14:38"
364,"Rohit Verma",9876500118,rohit.verma118@example.com,"Sector 118, Greenfield","2025-10-13 15:14:38","2025-10-13 15:14:38"
365,"Anita Singh",9876500119,anita.singh119@example.com,"Sector 119, Greenfield","2025-10-13 15:14:38","2025-10-13 15:14:38"
366,"Rajesh Kapoor",9876500120,rajesh.kapoor120@example.com,"Sector 120, Greenfield","2025-10-13 15:14:38","2025-10-13 15:14:38"
367,"Priya Malhotra",9876500121,priya.malhotra121@example.com,"Sector 121, Greenfield","2025-10-13 15:14:38","2025-10-13 15:14:38"
368,"Vikram Verma",9876500122,vikram.verma122@example.com,"Sector 122, Greenfield","2025-10-13 15:14:38","2025-10-13 15:14:38"
369,"Ritu Kapoor",9876500123,ritu.kapoor123@example.com,"Sector 123, Greenfield","2025-10-13 15:14:38","2025-10-13 15:14:38"
370,"Neha Malhotra",9876500124,neha.malhotra124@example.com,"Sector 124, Greenfield","2025-10-13 15:14:38","2025-10-13 15:14:38"
371,"Sanjay Verma",9876500125,sanjay.verma125@example.com,"Sector 125, Greenfield","2025-10-13 15:14:38","2025-10-13 15:14:38"
372,"Divya Singh",9876500126,divya.singh126@example.com,"Sector 126, Greenfield","2025-10-13 15:14:38","2025-10-13 15:14:38"
373,"Nitin Kapoor",9876500127,nitin.kapoor127@example.com,"Sector 127, Greenfield","2025-10-13 15:14:38","2025-10-13 15:14:38"
374,"Anjali Malhotra",9876500128,anjali.malhotra128@example.com,"Sector 128, Greenfield","2025-10-13 15:14:38","2025-10-13 15:14:38"
375,"Manish Singh",9876500129,manish.singh129@example.com,"Sector 129, Greenfield","2025-10-13 15:14:38","2025-10-13 15:14:38"
376,"Pooja Verma",9876500130,pooja.verma130@example.com,"Sector 130, Greenfield","2025-10-13 15:14:38","2025-10-13 15:14:38"
377,"Rohit Malhotra",9876500131,rohit.malhotra131@example.com,"Sector 131, Greenfield","2025-10-13 15:14:38","2025-10-13 15:14:38"
378,"Neha Verma",9876500132,neha.verma132@example.com,"Sector 132, Greenfield","2025-10-13 15:14:38","2025-10-13 15:14:38"
379,"Vikram Singh",9876500133,vikram.singh133@example.com,"Sector 133, Greenfield","2025-10-13 15:14:38","2025-10-13 15:14:38"
380,"Sonia Kapoor",9876500134,sonia.kapoor134@example.com,"Sector 134, Greenfield","2025-10-13 15:14:38","2025-10-13 15:14:38"
381,"Rajan Malhotra",9876500135,rajan.malhotra135@example.com,"Sector 135, Greenfield","2025-10-13 15:14:38","2025-10-13 15:14:38"
382,"Kavita Verma",9876500136,kavita.verma136@example.com,"Sector 136, Greenfield","2025-10-13 15:14:38","2025-10-13 15:14:38"
383,"Ajay Singh",9876500137,ajay.singh137@example.com,"Sector 137, Greenfield","2025-10-13 15:14:38","2025-10-13 15:14:38"
384,"Neetu Kapoor",9876500138,neetu.kapoor138@example.com,"Sector 138, Greenfield","2025-10-13 15:14:38","2025-10-13 15:14:38"
385,"Deepak Malhotra",9876500139,deepak.malhotra139@example.com,"Sector 139, Greenfield","2025-10-13 15:14:38","2025-10-13 15:14:38"
386,"Ritu Verma",9876500140,ritu.verma140@example.com,"Sector 140, Greenfield","2025-10-13 15:14:38","2025-10-13 15:14:38"
387,"Sandeep Singh",9876500141,sandeep.singh141@example.com,"Sector 141, Greenfield","2025-10-13 15:14:38","2025-10-13 15:14:38"
388,"Shweta Kapoor",9876500142,shweta.kapoor142@example.com,"Sector 142, Greenfield","2025-10-13 15:14:38","2025-10-13 15:14:38"
389,"Rohit Malhotra",9876500143,rohit.malhotra143@example.com,"Sector 143, Greenfield","2025-10-13 15:14:38","2025-10-13 15:14:38"
390,"Anita Verma",9876500144,anita.verma144@example.com,"Sector 144, Greenfield","2025-10-13 15:14:38","2025-10-13 15:14:38"
391,"Rajesh Singh",9876500145,rajesh.singh145@example.com,"Sector 145, Greenfield","2025-10-13 15:14:38","2025-10-13 15:14:38"
392,"Priya Kapoor",9876500146,priya.kapoor146@example.com,"Sector 146, Greenfield","2025-10-13 15:14:38","2025-10-13 15:14:38"
393,"Vikram Malhotra",9876500147,vikram.malhotra147@example.com,"Sector 147, Greenfield","2025-10-13 15:14:38","2025-10-13 15:14:38"
394,"Ritu Verma",9876500148,ritu.verma148@example.com,"Sector 148, Greenfield","2025-10-13 15:14:38","2025-10-13 15:14:38"
395,"Neha Singh",9876500149,neha.singh149@example.com,"Sector 149, Greenfield","2025-10-13 15:14:38","2025-10-13 15:14:38"
396,"Sanjay Kapoor",9876500150,sanjay.kapoor150@example.com,"Sector 150, Greenfield","2025-10-13 15:14:38","2025-10-13 15:14:38"
397,"Divya Malhotra",9876500151,divya.malhotra151@example.com,"Sector 151, Greenfield","2025-10-13 15:14:38","2025-10-13 15:14:38"
398,"Nitin Verma",9876500152,nitin.verma152@example.com,"Sector 152, Greenfield","2025-10-13 15:14:38","2025-10-13 15:14:38"
399,"Anjali Singh",9876500153,anjali.singh153@example.com,"Sector 153, Greenfield","2025-10-13 15:14:38","2025-10-13 15:14:38"
400,"Manish Kapoor",9876500154,manish.kapoor154@example.com,"Sector 154, Greenfield","2025-10-13 15:14:38","2025-10-13 15:14:38"
401,"Pooja Malhotra",9876500155,pooja.malhotra155@example.com,"Sector 155, Greenfield","2025-10-13 15:14:38","2025-10-13 15:14:38"
402,"Rohit Verma",9876500156,rohit.verma156@example.com,"Sector 156, Greenfield","2025-10-13 15:14:38","2025-10-13 15:14:38"
403,"Neha Kapoor",9876500157,neha.kapoor157@example.com,"Sector 157, Greenfield","2025-10-13 15:14:38","2025-10-13 15:14:38"
404,"Vikram Singh",9876500158,vikram.singh158@example.com,"Sector 158, Greenfield","2025-10-13 15:14:38","2025-10-13 15:14:38"
405,"Sonia Malhotra",9876500159,sonia.malhotra159@example.com,"Sector 159, Greenfield","2025-10-13 15:14:38","2025-10-13 15:14:38"
406,"Rajan Verma",9876500160,rajan.verma160@example.com,"Sector 160, Greenfield","2025-10-13 15:14:38","2025-10-13 15:14:38"
407,"Kavita Singh",9876500161,kavita.singh161@example.com,"Sector 161, Greenfield","2025-10-13 15:14:38","2025-10-13 15:14:38"
408,"Ajay Kapoor",9876500162,ajay.kapoor162@example.com,"Sector 162, Greenfield","2025-10-13 15:14:38","2025-10-13 15:14:38"
409,"Neetu Malhotra",9876500163,neetu.malhotra163@example.com,"Sector 163, Greenfield","2025-10-13 15:14:38","2025-10-13 15:14:38"
410,"Rohit Verma",9876543340,rohit.verma@example.com,"12 Riverside Street, North Zone","2025-10-13 15:30:57","2025-10-13 15:30:57"
411,"Anjali Reddy",9876543341,anjali.reddy@example.com,"34 Lakeside Avenue, East Zone","2025-10-13 15:30:57","2025-10-13 15:30:57"
412,"Vikram Sharma",9876543342,vikram.sharma@example.com,"56 Hilltop Road, West Zone","2025-10-13 15:30:57","2025-10-13 15:30:57"
413,"Neha Kapoor",9876543343,neha.kapoor@example.com,"78 Old Town Lane, Central Zone","2025-10-13 15:30:57","2025-10-13 15:30:57"
414,"Sanjay Mehta",9876543344,sanjay.mehta@example.com,"90 Greenfield Street, South Zone","2025-10-13 15:30:57","2025-10-13 15:30:57"
415,"Kavita Rani",9876543345,kavita.rani@example.com,"11 Tech Park Road, North Zone","2025-10-13 15:30:57","2025-10-13 15:30:57"
416,"Manish Joshi",9876543346,manish.joshi@example.com,"23 Airport Area Lane, East Zone","2025-10-13 15:30:57","2025-10-13 15:30:57"
417,"Ritika Singh",9876543347,ritika.singh@example.com,"45 Harbor Street, West Zone","2025-10-13 15:30:57","2025-10-13 15:30:57"
418,"Rajesh Nair",9876543348,rajesh.nair@example.com,"67 University District, Central Zone","2025-10-13 15:30:57","2025-10-13 15:30:57"
419,"Pooja Sharma",9876543349,pooja.sharma@example.com,"89 Industrial Estate, South Zone","2025-10-13 15:30:57","2025-10-13 15:30:57"
420,"Amit Kapoor",9876543350,amit.kapoor@example.com,"12 Market Street, North Zone","2025-10-13 15:30:57","2025-10-13 15:30:57"
421,"Neetu Verma",9876543351,neetu.verma@example.com,"34 Residential East, East Zone","2025-10-13 15:30:57","2025-10-13 15:30:57"
422,"Deepak Reddy",9876543352,deepak.reddy@example.com,"56 Residential West, West Zone","2025-10-13 15:30:57","2025-10-13 15:30:57"
423,"Priya Mehta",9876543353,priya.mehta@example.com,"78 Suburban North, Central Zone","2025-10-13 15:30:57","2025-10-13 15:30:57"
424,"Arjun Sharma",9876543354,arjun.sharma@example.com,"90 Suburban South, South Zone","2025-10-13 15:30:57","2025-10-13 15:30:57"
425,"Sunita Verma",9876543355,sunita.verma@example.com,"11 Old Industrial, North Zone","2025-10-13 15:30:57","2025-10-13 15:30:57"
426,"Rohit Malhotra",9876543356,rohit.malhotra@example.com,"23 New Industrial, East Zone","2025-10-13 15:30:57","2025-10-13 15:30:57"
427,"Neha Joshi",9876543357,neha.joshi@example.com,"45 Business Park, West Zone","2025-10-13 15:30:57","2025-10-13 15:30:57"
428,"Vikas Sharma",9876543358,vikas.sharma@example.com,"67 Mall District, Central Zone","2025-10-13 15:30:57","2025-10-13 15:30:57"
429,"Madhuri Kapoor",9876543359,madhuri.kapoor@example.com,"89 Sports Complex, South Zone","2025-10-13 15:30:57","2025-10-13 15:30:57"
430,"Rajiv Verma",9876543360,rajiv.verma@example.com,"12 Medical Hub, North Zone","2025-10-13 15:30:57","2025-10-13 15:30:57"
431,"Anita Sharma",9876543361,anita.sharma@example.com,"34 Cultural Zone, East Zone","2025-10-13 15:30:57","2025-10-13 15:30:57"
432,"Suresh Reddy",9876543362,suresh.reddy@example.com,"56 Government Zone, West Zone","2025-10-13 15:30:57","2025-10-13 15:30:57"
433,"Neelam Kapoor",9876543363,neelam.kapoor@example.com,"78 Transport Hub, Central Zone","2025-10-13 15:30:57","2025-10-13 15:30:57"
434,"Aakash Mehta",9876543364,aakash.mehta@example.com,"90 Waterfront, South Zone","2025-10-13 15:30:57","2025-10-13 15:30:57"
435,"Pallavi Sharma",9876543365,pallavi.sharma@example.com,"11 Education Zone, North Zone","2025-10-13 15:30:57","2025-10-13 15:30:57"
436,"Siddharth Reddy",9876543366,siddharth.reddy@example.com,"23 Tech Village, East Zone","2025-10-13 15:30:57","2025-10-13 15:30:57"
437,"Ritika Verma",9876543367,ritika.verma@example.com,"45 Eco Park, West Zone","2025-10-13 15:30:57","2025-10-13 15:30:57"
438,"Vivek Kapoor",9876543368,vivek.kapoor@example.com,"67 Industrial North, Central Zone","2025-10-13 15:30:57","2025-10-13 15:30:57"
439,"Divya Sharma",9876543369,divya.sharma@example.com,"89 Industrial South, South Zone","2025-10-13 15:30:57","2025-10-13 15:30:57"
440,"Rajesh Verma",9876543370,rajesh.verma@example.com,"12 Residential Heights, North Zone","2025-10-13 15:30:57","2025-10-13 15:30:57"
441,"Priyanka Reddy",9876543371,priyanka.reddy@example.com,"34 Commerce Street, East Zone","2025-10-13 15:30:57","2025-10-13 15:30:57"
442,"Abhishek Sharma",9876543372,abhishek.sharma@example.com,"56 Food Street, West Zone","2025-10-13 15:30:57","2025-10-13 15:30:57"
443,"Nisha Kapoor",9876543373,nisha.kapoor@example.com,"78 Market Lane, Central Zone","2025-10-13 15:30:57","2025-10-13 15:30:57"
444,"Manoj Verma",9876543374,manoj.verma@example.com,"90 Green Lane, South Zone","2025-10-13 15:30:57","2025-10-13 15:30:57"
445,"Richa Sharma",9876543375,richa.sharma@example.com,"11 Lakeview, North Zone","2025-10-13 15:30:57","2025-10-13 15:30:57"
446,"Ajay Kapoor",9876543376,ajay.kapoor@example.com,"23 Riverbank, East Zone","2025-10-13 15:30:57","2025-10-13 15:30:57"
447,"Sonal Reddy",9876543377,sonal.reddy@example.com,"45 Harbor Road, West Zone","2025-10-13 15:30:57","2025-10-13 15:30:57"
448,"Harish Sharma",9876543378,harish.sharma@example.com,"67 Airport Road, Central Zone","2025-10-13 15:30:57","2025-10-13 15:30:57"
449,"Swati Verma",9876543379,swati.verma@example.com,"89 Industrial Park, South Zone","2025-10-13 15:30:57","2025-10-13 15:30:57"
450,"Rupesh Sharma",9876543380,rupesh.sharma@example.com,"12 Tech Avenue, North Zone","2025-10-13 15:30:57","2025-10-13 15:30:57"
451,"Ramesh Kumar",9876543210,ramesh.kumar@example.com,"12 Greenfield Street, North Zone","2025-10-13 15:32:54","2025-10-13 15:32:54"
452,"Sita Sharma",9876543211,sita.sharma@example.com,"34 Riverside Lane, East Zone","2025-10-13 15:32:54","2025-10-13 15:32:54"
453,"Amit Verma",9876543212,amit.verma@example.com,"56 Hilltop Avenue, West Zone","2025-10-13 15:32:54","2025-10-13 15:32:54"
454,"Priya Singh",9876543213,priya.singh@example.com,"78 Lakeside Road, Central Zone","2025-10-13 15:32:54","2025-10-13 15:32:54"
455,"Vikram Joshi",9876543214,vikram.joshi@example.com,"90 Old Town Street, South Zone","2025-10-13 15:32:54","2025-10-13 15:32:54"
456,"Anita Mehra",9876543215,anita.mehra@example.com,"11 Tech Park Lane, North Zone","2025-10-13 15:32:54","2025-10-13 15:32:54"
457,"Rohan Gupta",9876543216,rohan.gupta@example.com,"23 Airport Area Road, East Zone","2025-10-13 15:32:54","2025-10-13 15:32:54"
458,"Neha Pandey",9876543217,neha.pandey@example.com,"45 Harbor Street, West Zone","2025-10-13 15:32:54","2025-10-13 15:32:54"
459,"Sanjay Rao",9876543218,sanjay.rao@example.com,"67 University District, Central Zone","2025-10-13 15:32:54","2025-10-13 15:32:54"
460,"Kavita Iyer",9876543219,kavita.iyer@example.com,"89 Industrial Estate, South Zone","2025-10-13 15:32:54","2025-10-13 15:32:54"
461,"Manish Jain",9876543220,manish.jain@example.com,"12 Market Street, North Zone","2025-10-13 15:32:54","2025-10-13 15:32:54"
462,"Pooja Reddy",9876543221,pooja.reddy@example.com,"34 Residential East, East Zone","2025-10-13 15:32:54","2025-10-13 15:32:54"
463,"Deepak Chawla",9876543222,deepak.chawla@example.com,"56 Residential West, West Zone","2025-10-13 15:32:54","2025-10-13 15:32:54"
464,"Ritika Nair",9876543223,ritika.nair@example.com,"78 Suburban North, Central Zone","2025-10-13 15:32:54","2025-10-13 15:32:54"
465,"Arjun Desai",9876543224,arjun.desai@example.com,"90 Suburban South, South Zone","2025-10-13 15:32:54","2025-10-13 15:32:54"
466,"Sunita Kapoor",9876543225,sunita.kapoor@example.com,"11 Old Industrial, North Zone","2025-10-13 15:32:54","2025-10-13 15:32:54"
467,"Rajesh Bhat",9876543226,rajesh.bhat@example.com,"23 New Industrial, East Zone","2025-10-13 15:32:54","2025-10-13 15:32:54"
468,"Neelam Saxena",9876543227,neelam.saxena@example.com,"45 Business Park, West Zone","2025-10-13 15:32:54","2025-10-13 15:32:54"
469,"Vivek Malhotra",9876543228,vivek.malhotra@example.com,"67 Mall District, Central Zone","2025-10-13 15:32:54","2025-10-13 15:32:54"
470,"Shilpa Choudhary",9876543229,shilpa.choudhary@example.com,"89 Sports Complex, South Zone","2025-10-13 15:32:54","2025-10-13 15:32:54"
471,"Anand Sharma",9876543230,anand.sharma@example.com,"12 Medical Hub, North Zone","2025-10-13 15:32:54","2025-10-13 15:32:54"
472,"Rekha Joshi",9876543231,rekha.joshi@example.com,"34 Cultural Zone, East Zone","2025-10-13 15:32:54","2025-10-13 15:32:54"
473,"Suresh Patil",9876543232,suresh.patil@example.com,"56 Government Zone, West Zone","2025-10-13 15:32:54","2025-10-13 15:32:54"
474,"Meena Agarwal",9876543233,meena.agarwal@example.com,"78 Transport Hub, Central Zone","2025-10-13 15:32:54","2025-10-13 15:32:54"
475,"Karan Verma",9876543234,karan.verma@example.com,"90 Waterfront, South Zone","2025-10-13 15:32:54","2025-10-13 15:32:54"
476,"Rashmi Gupta",9876543235,rashmi.gupta@example.com,"11 Education Zone, North Zone","2025-10-13 15:32:54","2025-10-13 15:32:54"
477,"Aakash Jain",9876543236,aakash.jain@example.com,"23 Tech Village, East Zone","2025-10-13 15:32:54","2025-10-13 15:32:54"
478,"Pallavi Mehta",9876543237,pallavi.mehta@example.com,"45 Eco Park, West Zone","2025-10-13 15:32:54","2025-10-13 15:32:54"
479,"Siddharth Kapoor",9876543238,siddharth.kapoor@example.com,"67 Industrial North, Central Zone","2025-10-13 15:32:54","2025-10-13 15:32:54"
480,"Divya Rani",9876543239,divya.rani@example.com,"89 Industrial South, South Zone","2025-10-13 15:32:54","2025-10-13 15:32:54"
481,"Rajiv Khanna",9876543240,rajiv.khanna@example.com,"12 Residential Heights, North Zone","2025-10-13 15:32:54","2025-10-13 15:32:54"
482,"Priyanka Bansal",9876543241,priyanka.bansal@example.com,"34 Commerce Street, East Zone","2025-10-13 15:32:54","2025-10-13 15:32:54"
483,"Abhishek Nair",9876543242,abhishek.nair@example.com,"56 Food Street, West Zone","2025-10-13 15:32:54","2025-10-13 15:32:54"
484,"Nisha Sharma",9876543243,nisha.sharma@example.com,"78 Market Lane, Central Zone","2025-10-13 15:32:54","2025-10-13 15:32:54"
485,"Manoj Sinha",9876543244,manoj.sinha@example.com,"90 Green Lane, South Zone","2025-10-13 15:32:54","2025-10-13 15:32:54"
486,"Richa Yadav",9876543245,richa.yadav@example.com,"11 Lakeview, North Zone","2025-10-13 15:32:54","2025-10-13 15:32:54"
487,"Ajay Kulkarni",9876543246,ajay.kulkarni@example.com,"23 Riverbank, East Zone","2025-10-13 15:32:54","2025-10-13 15:32:54"
488,"Sonal Verma",9876543247,sonal.verma@example.com,"45 Harbor Road, West Zone","2025-10-13 15:32:54","2025-10-13 15:32:54"
489,"Harish Choudhury",9876543248,harish.choudhury@example.com,"67 Airport Road, Central Zone","2025-10-13 15:32:54","2025-10-13 15:32:54"
490,"Swati Mehra",9876543249,swati.mehra@example.com,"89 Industrial Park, South Zone","2025-10-13 15:32:54","2025-10-13 15:32:54"
491,"Rupesh Jain",9876543250,rupesh.jain@example.com,"12 Tech Avenue, North Zone","2025-10-13 15:32:54","2025-10-13 15:32:54"
492,"Neetu Sharma",9876543251,neetu.sharma@example.com,"34 University Road, East Zone","2025-10-13 15:32:54","2025-10-13 15:32:54"
493,"Pradeep Singh",9876543252,pradeep.singh@example.com,"56 Historic Lane, West Zone","2025-10-13 15:32:54","2025-10-13 15:32:54"
494,"Anjali Kapoor",9876543253,anjali.kapoor@example.com,"78 Garden District, Central Zone","2025-10-13 15:32:54","2025-10-13 15:32:54"
495,"Vikas Malhotra",9876543254,vikas.malhotra@example.com,"90 Suburban Heights, South Zone","2025-10-13 15:32:54","2025-10-13 15:32:54"
496,"Madhuri Reddy",9876543255,madhuri.reddy@example.com,"11 Commerce Avenue, North Zone","2025-10-13 15:32:54","2025-10-13 15:32:54"
497,"Nitin Agarwal",9876543256,nitin.agarwal@example.com,"23 Industrial Boulevard, East Zone","2025-10-13 15:32:54","2025-10-13 15:32:54"
498,"Priti Mehta",9876543257,priti.mehta@example.com,"45 Residential Square, West Zone","2025-10-13 15:32:54","2025-10-13 15:32:54"
499,"Rohit Joshi",9876543258,rohit.joshi@example.com,"67 Central Park Area, Central Zone","2025-10-13 15:32:54","2025-10-13 15:32:54"
500,"Kiran Bhat",9876543259,kiran.bhat@example.com,"89 Market Plaza, South Zone","2025-10-13 15:32:54","2025-10-13 15:32:54"
501,"Sandeep Gupta",9876543260,sandeep.gupta@example.com,"12 Harbor View, North Zone","2025-10-13 15:32:54","2025-10-13 15:32:54"
502,"Anupama Sharma",9876543261,anupama.sharma@example.com,"34 Lakefront, East Zone","2025-10-13 15:32:54","2025-10-13 15:32:54"
503,"Vishal Rao",9876543262,vishal.rao@example.com,"56 Riverside Heights, West Zone","2025-10-13 15:32:54","2025-10-13 15:32:54"
504,"Ritika Chawla",9876543263,ritika.chawla@example.com,"78 Tech Corridor, Central Zone","2025-10-13 15:32:54","2025-10-13 15:32:54"
505,"Pranav Verma",9876543264,pranav.verma@example.com,"90 Industrial Lane, South Zone","2025-10-13 15:32:54","2025-10-13 15:32:54"
506,"Geeta Iyer",9876543265,geeta.iyer@example.com,"11 Business Square, North Zone","2025-10-13 15:32:54","2025-10-13 15:32:54"
507,"Rahul Mehta",9876543266,rahul.mehta@example.com,"23 Residential Lane, East Zone","2025-10-13 15:32:54","2025-10-13 15:32:54"
508,"Sweta Nair",9876543267,sweta.nair@example.com,"45 Cultural Plaza, West Zone","2025-10-13 15:32:54","2025-10-13 15:32:54"
509,"Amit Sharma",9876543268,amit.sharma@example.com,"67 Medical Avenue, Central Zone","2025-10-13 15:32:54","2025-10-13 15:32:54"
510,"Nidhi Kapoor",9876543269,nidhi.kapoor@example.com,"89 Education Street, South Zone","2025-10-13 15:32:54","2025-10-13 15:32:54"
511,"Rajesh Verma",9876543270,rajesh.verma@example.com,"12 Sports Avenue, North Zone","2025-10-13 15:32:54","2025-10-13 15:32:54"
512,"Richa Bhatia",9876543271,richa.bhatia@example.com,"34 Old Market, East Zone","2025-10-13 15:32:54","2025-10-13 15:32:54"
513,"Manish Sharma",9876543272,manish.sharma@example.com,"56 Suburban Avenue, West Zone","2025-10-13 15:32:54","2025-10-13 15:32:54"
514,"Anita Reddy",9876543273,anita.reddy@example.com,"78 Green Park, Central Zone","2025-10-13 15:32:54","2025-10-13 15:32:54"
515,"Vikram Joshi",9876543274,vikram.joshi@example.com,"90 Commerce Hub, South Zone","2025-10-13 15:32:54","2025-10-13 15:32:54"
516,"Priya Nair",9876543275,priya.nair@example.com,"11 Harbor Lane, North Zone","2025-10-13 15:32:54","2025-10-13 15:32:54"
517,"Rohan Kapoor",9876543276,rohan.kapoor@example.com,"23 Airport Boulevard, East Zone","2025-10-13 15:32:54","2025-10-13 15:32:54"
518,"Neha Sharma",9876543277,neha.sharma@example.com,"45 Tech Street, West Zone","2025-10-13 15:32:54","2025-10-13 15:32:54"
519,"Sanjay Malhotra",9876543278,sanjay.malhotra@example.com,"67 Industrial Road, Central Zone","2025-10-13 15:32:54","2025-10-13 15:32:54"
520,"Kavita Verma",9876543279,kavita.verma@example.com,"89 University Square, South Zone","2025-10-13 15:32:54","2025-10-13 15:32:54"
521,"Manish Mehra",9876543280,manish.mehra@example.com,"12 Historic Avenue, North Zone","2025-10-13 15:32:54","2025-10-13 15:32:54"
522,"Pooja Sharma",9876543281,pooja.sharma@example.com,"34 Residential Park, East Zone","2025-10-13 15:32:54","2025-10-13 15:32:54"
523,"Deepak Jain",9876543282,deepak.jain@example.com,"56 Market Street North, West Zone","2025-10-13 15:32:54","2025-10-13 15:32:54"
524,"Ritika Reddy",9876543283,ritika.reddy@example.com,"78 Market Street South, Central Zone","2025-10-13 15:32:54","2025-10-13 15:32:54"
525,"Arjun Kapoor",9876543284,arjun.kapoor@example.com,"90 Riverside Park, South Zone","2025-10-13 15:32:54","2025-10-13 15:32:54"
526,"Sunita Verma",9876543285,sunita.verma@example.com,"11 Lakeside Heights, North Zone","2025-10-13 15:32:54","2025-10-13 15:32:54"
527,"Rajesh Malhotra",9876543286,rajesh.malhotra@example.com,"23 Business Boulevard, East Zone","2025-10-13 15:32:54","2025-10-13 15:32:54"
528,"Rekha Sharma",9876543287,rekha.sharma@example.com,"45 Suburban Park, West Zone","2025-10-13 15:32:54","2025-10-13 15:32:54"
529,"Suresh Jain",9876543288,suresh.jain@example.com,"67 Tech Plaza, Central Zone","2025-10-13 15:32:54","2025-10-13 15:32:54"
530,"Meena Kapoor",9876543289,meena.kapoor@example.com,"89 Industrial Complex, South Zone","2025-10-13 15:32:54","2025-10-13 15:32:54"
531,"Karan Reddy",9876543290,karan.reddy@example.com,"12 Cultural Lane, North Zone","2025-10-13 15:32:54","2025-10-13 15:32:54"
532,"Rashmi Verma",9876543291,rashmi.verma@example.com,"34 Medical Park, East Zone","2025-10-13 15:32:54","2025-10-13 15:32:54"
533,"Aakash Sharma",9876543292,aakash.sharma@example.com,"56 Education Park, West Zone","2025-10-13 15:32:54","2025-10-13 15:32:54"
534,"Pallavi Mehta",9876543293,pallavi.mehta@example.com,"78 Sports Circle, Central Zone","2025-10-13 15:32:54","2025-10-13 15:32:54"
535,"Siddharth Verma",9876543294,siddharth.verma@example.com,"90 Cultural Park, South Zone","2025-10-13 15:32:54","2025-10-13 15:32:54"
536,"Divya Nair",9876543295,divya.nair@example.com,"11 Medical Circle, North Zone","2025-10-13 15:32:54","2025-10-13 15:32:54"
537,"Rajiv Kapoor",9876543296,rajiv.kapoor@example.com,"23 Green Park Circle, East Zone","2025-10-13 15:32:54","2025-10-13 15:32:54"
538,"Priyanka Sharma",9876543297,priyanka.sharma@example.com,"45 Historic Lane East, West Zone","2025-10-13 15:32:54","2025-10-13 15:32:54"
539,"Abhishek Jain",9876543298,abhishek.jain@example.com,"67 Historic Lane West, Central Zone","2025-10-13 15:32:54","2025-10-13 15:32:54"
540,"Nisha Verma",9876543299,nisha.verma@example.com,"89 Commerce Park, South Zone","2025-10-13 15:32:54","2025-10-13 15:32:54"
541,"Manoj Reddy",9876543300,manoj.reddy@example.com,"12 Harbor Park, North Zone","2025-10-13 15:32:54","2025-10-13 15:32:54"
542,"Richa Sharma",9876543301,richa.sharma@example.com,"34 Airport Park, East Zone","2025-10-13 15:32:54","2025-10-13 15:32:54"
543,"Ajay Verma",9876543302,ajay.verma@example.com,"56 Tech Park East, West Zone","2025-10-13 15:32:54","2025-10-13 15:32:54"
544,"Neetu Mehra",9876543303,neetu.mehra@example.com,"78 Tech Park West, Central Zone","2025-10-13 15:32:54","2025-10-13 15:32:54"
545,"Pradeep Kapoor",9876543304,pradeep.kapoor@example.com,"90 Industrial Lane East, South Zone","2025-10-13 15:32:54","2025-10-13 15:32:54"
546,"Anjali Sharma",9876543305,anjali.sharma@example.com,"11 Industrial Lane West, North Zone","2025-10-13 15:32:54","2025-10-13 15:32:54"
547,"Vikas Reddy",9876543306,vikas.reddy@example.com,"23 University Lane, East Zone","2025-10-13 15:32:54","2025-10-13 15:32:54"
548,"Madhuri Verma",9876543307,madhuri.verma@example.com,"45 Old Town Lane, West Zone","2025-10-13 15:32:54","2025-10-13 15:32:54"
549,"Nitin Kapoor",9876543308,nitin.kapoor@example.com,"67 Residential Lane East, Central Zone","2025-10-13 15:32:54","2025-10-13 15:32:54"
550,"Priti Sharma",9876543309,priti.sharma@example.com,"89 Residential Lane West, South Zone","2025-10-13 15:32:54","2025-10-13 15:32:54"
551,"Rohit Mehta",9876543310,rohit.mehta@example.com,"12 Market Lane Central, North Zone","2025-10-13 15:32:54","2025-10-13 15:32:54"
552,"Kiran Verma",9876543311,kiran.verma@example.com,"34 Riverside Lane, East Zone","2025-10-13 15:32:54","2025-10-13 15:32:54"
553,"Sandeep Sharma",9876543312,sandeep.sharma@example.com,"56 Lakeside Lane, West Zone","2025-10-13 15:32:54","2025-10-13 15:32:54"
554,"Anupama Reddy",9876543313,anupama.reddy@example.com,"78 Business Lane, Central Zone","2025-10-13 15:32:54","2025-10-13 15:32:54"
555,"Rahul Kapoor",9876543314,rahul.kapoor@example.com,"90 Suburban Lane East, South Zone","2025-10-13 15:32:54","2025-10-13 15:32:54"
556,"Sweta Sharma",9876543315,sweta.sharma@example.com,"11 Suburban Lane West, North Zone","2025-10-13 15:32:54","2025-10-13 15:32:54"
557,"Amit Verma",9876543316,amit.verma@example.com,"23 Tech Lane East, East Zone","2025-10-13 15:32:54","2025-10-13 15:32:54"
558,"Nidhi Reddy",9876543317,nidhi.reddy@example.com,"45 Tech Lane West, West Zone","2025-10-13 15:32:54","2025-10-13 15:32:54"
559,"Rajesh Sharma",9876543318,rajesh.sharma@example.com,"67 Industrial Lane Central, Central Zone","2025-10-13 15:32:54","2025-10-13 15:32:54"
560,"Richa Kapoor",9876543319,richa.kapoor@example.com,"89 Education Lane East, South Zone","2025-10-13 15:32:54","2025-10-13 15:32:54"
561,"Manish Verma",9876543320,manish.verma@example.com,"12 Education Lane West, North Zone","2025-10-13 15:32:54","2025-10-13 15:32:54"
562,"Anita Sharma",9876543321,anita.sharma@example.com,"34 Sports Lane East, East Zone","2025-10-13 15:32:54","2025-10-13 15:32:54"
563,"Vikram Kapoor",9876543322,vikram.kapoor@example.com,"56 Sports Lane West, West Zone","2025-10-13 15:32:54","2025-10-13 15:32:54"
564,"Priya Reddy",9876543323,priya.reddy@example.com,"78 Cultural Park, Central Zone","2025-10-13 15:32:54","2025-10-13 15:32:54"
565,"Rohan Sharma",9876543324,rohan.sharma@example.com,"90 Medical Circle, South Zone","2025-10-13 15:32:54","2025-10-13 15:32:54"
566,"Neha Verma",9876543325,neha.verma@example.com,"11 Green Park Circle, North Zone","2025-10-13 15:32:54","2025-10-13 15:32:54"
567,"Sanjay Reddy",9876543326,sanjay.reddy@example.com,"23 Historic Lane East, East Zone","2025-10-13 15:32:54","2025-10-13 15:32:54"
568,"Kavita Sharma",9876543327,kavita.sharma@example.com,"45 Historic Lane West, West Zone","2025-10-13 15:32:54","2025-10-13 15:32:54"
569,"Manish Kapoor",9876543328,manish.kapoor@example.com,"67 Commerce Park, Central Zone","2025-10-13 15:32:54","2025-10-13 15:32:54"
570,"Pooja Verma",9876543329,pooja.verma@example.com,"89 Harbor Park, South Zone","2025-10-13 15:32:54","2025-10-13 15:32:54"
571,"Deepak Sharma",9876543330,deepak.sharma@example.com,"12 Airport Park, North Zone","2025-10-13 15:32:54","2025-10-13 15:32:54"
572,"Ritika Kapoor",9876543331,ritika.kapoor@example.com,"34 Tech Park East, East Zone","2025-10-13 15:32:54","2025-10-13 15:32:54"
573,"Arjun Sharma",9876543332,arjun.sharma@example.com,"56 Tech Park West, West Zone","2025-10-13 15:32:54","2025-10-13 15:32:54"
574,"Sunita Verma",9876543333,sunita.verma@example.com,"78 Industrial Lane East, Central Zone","2025-10-13 15:32:54","2025-10-13 15:32:54"
575,"Rajesh Kapoor",9876543334,rajesh.kapoor@example.com,"90 Industrial Lane West, South Zone","2025-10-13 15:32:54","2025-10-13 15:32:54"
576,"Neetu Sharma",9876543335,neetu.sharma@example.com,"11 University Lane, North Zone","2025-10-13 15:32:54","2025-10-13 15:32:54"
577,"Vikram Verma",9876543336,vikram.verma@example.com,"23 Old Town Lane, East Zone","2025-10-13 15:32:54","2025-10-13 15:32:54"
578,"Madhuri Sharma",9876543337,madhuri.sharma@example.com,"45 Residential Lane East, West Zone","2025-10-13 15:32:54","2025-10-13 15:32:54"
579,"Nitin Verma",9876543338,nitin.verma@example.com,"67 Residential Lane West, Central Zone","2025-10-13 15:32:54","2025-10-13 15:32:54"
580,"Priti Kapoor",9876543339,priti.kapoor@example.com,"89 Market Lane Central, South Zone","2025-10-13 15:32:54","2025-10-13 15:32:54"
581,"Ramesh Kumar",9876543210,ramesh.kumar@example.com,"12 Greenfield Street, North Zone","2025-10-13 15:35:28","2025-10-13 15:35:28"
582,"Sita Sharma",9876543211,sita.sharma@example.com,"34 Riverside Lane, East Zone","2025-10-13 15:35:28","2025-10-13 15:35:28"
583,"Amit Verma",9876543212,amit.verma@example.com,"56 Hilltop Avenue, West Zone","2025-10-13 15:35:28","2025-10-13 15:35:28"
584,"Priya Singh",9876543213,priya.singh@example.com,"78 Lakeside Road, Central Zone","2025-10-13 15:35:28","2025-10-13 15:35:28"
585,"Vikram Joshi",9876543214,vikram.joshi@example.com,"90 Old Town Street, South Zone","2025-10-13 15:35:28","2025-10-13 15:35:28"
586,"Anita Mehra",9876543215,anita.mehra@example.com,"11 Tech Park Lane, North Zone","2025-10-13 15:35:28","2025-10-13 15:35:28"
587,"Rohan Gupta",9876543216,rohan.gupta@example.com,"23 Airport Area Road, East Zone","2025-10-13 15:35:28","2025-10-13 15:35:28"
588,"Neha Pandey",9876543217,neha.pandey@example.com,"45 Harbor Street, West Zone","2025-10-13 15:35:28","2025-10-13 15:35:28"
589,"Sanjay Rao",9876543218,sanjay.rao@example.com,"67 University District, Central Zone","2025-10-13 15:35:28","2025-10-13 15:35:28"
590,"Kavita Iyer",9876543219,kavita.iyer@example.com,"89 Industrial Estate, South Zone","2025-10-13 15:35:28","2025-10-13 15:35:28"
591,"Manish Jain",9876543220,manish.jain@example.com,"12 Market Street, North Zone","2025-10-13 15:35:28","2025-10-13 15:35:28"
592,"Pooja Reddy",9876543221,pooja.reddy@example.com,"34 Residential East, East Zone","2025-10-13 15:35:28","2025-10-13 15:35:28"
593,"Deepak Chawla",9876543222,deepak.chawla@example.com,"56 Residential West, West Zone","2025-10-13 15:35:28","2025-10-13 15:35:28"
594,"Ritika Nair",9876543223,ritika.nair@example.com,"78 Suburban North, Central Zone","2025-10-13 15:35:28","2025-10-13 15:35:28"
595,"Arjun Desai",9876543224,arjun.desai@example.com,"90 Suburban South, South Zone","2025-10-13 15:35:28","2025-10-13 15:35:28"
596,"Sunita Kapoor",9876543225,sunita.kapoor@example.com,"11 Old Industrial, North Zone","2025-10-13 15:35:28","2025-10-13 15:35:28"
597,"Rajesh Bhat",9876543226,rajesh.bhat@example.com,"23 New Industrial, East Zone","2025-10-13 15:35:28","2025-10-13 15:35:28"
598,"Neelam Saxena",9876543227,neelam.saxena@example.com,"45 Business Park, West Zone","2025-10-13 15:35:28","2025-10-13 15:35:28"
599,"Vivek Malhotra",9876543228,vivek.malhotra@example.com,"67 Mall District, Central Zone","2025-10-13 15:35:28","2025-10-13 15:35:28"
600,"Shilpa Choudhary",9876543229,shilpa.choudhary@example.com,"89 Sports Complex, South Zone","2025-10-13 15:35:28","2025-10-13 15:35:28"
601,"Anand Sharma",9876543230,anand.sharma@example.com,"12 Medical Hub, North Zone","2025-10-13 15:35:28","2025-10-13 15:35:28"
602,"Rekha Joshi",9876543231,rekha.joshi@example.com,"34 Cultural Zone, East Zone","2025-10-13 15:35:28","2025-10-13 15:35:28"
603,"Suresh Patil",9876543232,suresh.patil@example.com,"56 Government Zone, West Zone","2025-10-13 15:35:28","2025-10-13 15:35:28"
604,"Meena Agarwal",9876543233,meena.agarwal@example.com,"78 Transport Hub, Central Zone","2025-10-13 15:35:28","2025-10-13 15:35:28"
605,"Karan Verma",9876543234,karan.verma@example.com,"90 Waterfront, South Zone","2025-10-13 15:35:28","2025-10-13 15:35:28"
606,"Rashmi Gupta",9876543235,rashmi.gupta@example.com,"11 Education Zone, North Zone","2025-10-13 15:35:28","2025-10-13 15:35:28"
607,"Aakash Jain",9876543236,aakash.jain@example.com,"23 Tech Village, East Zone","2025-10-13 15:35:28","2025-10-13 15:35:28"
608,"Pallavi Mehta",9876543237,pallavi.mehta@example.com,"45 Eco Park, West Zone","2025-10-13 15:35:28","2025-10-13 15:35:28"
609,"Siddharth Kapoor",9876543238,siddharth.kapoor@example.com,"67 Industrial North, Central Zone","2025-10-13 15:35:28","2025-10-13 15:35:28"
610,"Divya Rani",9876543239,divya.rani@example.com,"89 Industrial South, South Zone","2025-10-13 15:35:28","2025-10-13 15:35:28"
611,"Rajiv Khanna",9876543240,rajiv.khanna@example.com,"12 Residential Heights, North Zone","2025-10-13 15:35:28","2025-10-13 15:35:28"
612,"Priyanka Bansal",9876543241,priyanka.bansal@example.com,"34 Commerce Street, East Zone","2025-10-13 15:35:28","2025-10-13 15:35:28"
613,"Abhishek Nair",9876543242,abhishek.nair@example.com,"56 Food Street, West Zone","2025-10-13 15:35:28","2025-10-13 15:35:28"
614,"Nisha Sharma",9876543243,nisha.sharma@example.com,"78 Market Lane, Central Zone","2025-10-13 15:35:28","2025-10-13 15:35:28"
615,"Manoj Sinha",9876543244,manoj.sinha@example.com,"90 Green Lane, South Zone","2025-10-13 15:35:28","2025-10-13 15:35:28"
616,"Richa Yadav",9876543245,richa.yadav@example.com,"11 Lakeview, North Zone","2025-10-13 15:35:28","2025-10-13 15:35:28"
617,"Ajay Kulkarni",9876543246,ajay.kulkarni@example.com,"23 Riverbank, East Zone","2025-10-13 15:35:28","2025-10-13 15:35:28"
618,"Sonal Verma",9876543247,sonal.verma@example.com,"45 Harbor Road, West Zone","2025-10-13 15:35:28","2025-10-13 15:35:28"
619,"Harish Choudhury",9876543248,harish.choudhury@example.com,"67 Airport Road, Central Zone","2025-10-13 15:35:28","2025-10-13 15:35:28"
620,"Swati Mehra",9876543249,swati.mehra@example.com,"89 Industrial Park, South Zone","2025-10-13 15:35:28","2025-10-13 15:35:28"
621,"Rupesh Jain",9876543250,rupesh.jain@example.com,"12 Tech Avenue, North Zone","2025-10-13 15:35:28","2025-10-13 15:35:28"
622,"Neetu Sharma",9876543251,neetu.sharma@example.com,"34 University Road, East Zone","2025-10-13 15:35:28","2025-10-13 15:35:28"
623,"Pradeep Singh",9876543252,pradeep.singh@example.com,"56 Historic Lane, West Zone","2025-10-13 15:35:28","2025-10-13 15:35:28"
624,"Anjali Kapoor",9876543253,anjali.kapoor@example.com,"78 Garden District, Central Zone","2025-10-13 15:35:28","2025-10-13 15:35:28"
625,"Vikas Malhotra",9876543254,vikas.malhotra@example.com,"90 Suburban Heights, South Zone","2025-10-13 15:35:28","2025-10-13 15:35:28"
626,"Madhuri Reddy",9876543255,madhuri.reddy@example.com,"11 Commerce Avenue, North Zone","2025-10-13 15:35:28","2025-10-13 15:35:28"
627,"Nitin Agarwal",9876543256,nitin.agarwal@example.com,"23 Industrial Boulevard, East Zone","2025-10-13 15:35:28","2025-10-13 15:35:28"
628,"Priti Mehta",9876543257,priti.mehta@example.com,"45 Residential Square, West Zone","2025-10-13 15:35:28","2025-10-13 15:35:28"
629,"Rohit Joshi",9876543258,rohit.joshi@example.com,"67 Central Park Area, Central Zone","2025-10-13 15:35:28","2025-10-13 15:35:28"
630,"Kiran Bhat",9876543259,kiran.bhat@example.com,"89 Market Plaza, South Zone","2025-10-13 15:35:28","2025-10-13 15:35:28"
631,"Sandeep Gupta",9876543260,sandeep.gupta@example.com,"12 Harbor View, North Zone","2025-10-13 15:35:28","2025-10-13 15:35:28"
632,"Anupama Sharma",9876543261,anupama.sharma@example.com,"34 Lakefront, East Zone","2025-10-13 15:35:28","2025-10-13 15:35:28"
633,"Vishal Rao",9876543262,vishal.rao@example.com,"56 Riverside Heights, West Zone","2025-10-13 15:35:28","2025-10-13 15:35:28"
634,"Ritika Chawla",9876543263,ritika.chawla@example.com,"78 Tech Corridor, Central Zone","2025-10-13 15:35:28","2025-10-13 15:35:28"
635,"Pranav Verma",9876543264,pranav.verma@example.com,"90 Industrial Lane, South Zone","2025-10-13 15:35:28","2025-10-13 15:35:28"
636,"Geeta Iyer",9876543265,geeta.iyer@example.com,"11 Business Square, North Zone","2025-10-13 15:35:28","2025-10-13 15:35:28"
637,"Rahul Mehta",9876543266,rahul.mehta@example.com,"23 Residential Lane, East Zone","2025-10-13 15:35:28","2025-10-13 15:35:28"
638,"Sweta Nair",9876543267,sweta.nair@example.com,"45 Cultural Plaza, West Zone","2025-10-13 15:35:28","2025-10-13 15:35:28"
639,"Amit Sharma",9876543268,amit.sharma@example.com,"67 Medical Avenue, Central Zone","2025-10-13 15:35:28","2025-10-13 15:35:28"
640,"Nidhi Kapoor",9876543269,nidhi.kapoor@example.com,"89 Education Street, South Zone","2025-10-13 15:35:28","2025-10-13 15:35:28"
641,"Rajesh Verma",9876543270,rajesh.verma@example.com,"12 Sports Avenue, North Zone","2025-10-13 15:35:28","2025-10-13 15:35:28"
642,"Richa Bhatia",9876543271,richa.bhatia@example.com,"34 Old Market, East Zone","2025-10-13 15:35:28","2025-10-13 15:35:28"
643,"Manish Sharma",9876543272,manish.sharma@example.com,"56 Suburban Avenue, West Zone","2025-10-13 15:35:28","2025-10-13 15:35:28"
644,"Anita Reddy",9876543273,anita.reddy@example.com,"78 Green Park, Central Zone","2025-10-13 15:35:28","2025-10-13 15:35:28"
645,"Vikram Joshi",9876543274,vikram.joshi@example.com,"90 Commerce Hub, South Zone","2025-10-13 15:35:28","2025-10-13 15:35:28"
646,"Priya Nair",9876543275,priya.nair@example.com,"11 Harbor Lane, North Zone","2025-10-13 15:35:28","2025-10-13 15:35:28"
647,"Rohan Kapoor",9876543276,rohan.kapoor@example.com,"23 Airport Boulevard, East Zone","2025-10-13 15:35:28","2025-10-13 15:35:28"
648,"Neha Sharma",9876543277,neha.sharma@example.com,"45 Tech Street, West Zone","2025-10-13 15:35:28","2025-10-13 15:35:28"
649,"Sanjay Malhotra",9876543278,sanjay.malhotra@example.com,"67 Industrial Road, Central Zone","2025-10-13 15:35:28","2025-10-13 15:35:28"
650,"Kavita Verma",9876543279,kavita.verma@example.com,"89 University Square, South Zone","2025-10-13 15:35:28","2025-10-13 15:35:28"
651,"Manish Mehra",9876543280,manish.mehra@example.com,"12 Historic Avenue, North Zone","2025-10-13 15:35:28","2025-10-13 15:35:28"
652,"Pooja Sharma",9876543281,pooja.sharma@example.com,"34 Residential Park, East Zone","2025-10-13 15:35:28","2025-10-13 15:35:28"
653,"Deepak Jain",9876543282,deepak.jain@example.com,"56 Market Street North, West Zone","2025-10-13 15:35:28","2025-10-13 15:35:28"
654,"Ritika Reddy",9876543283,ritika.reddy@example.com,"78 Market Street South, Central Zone","2025-10-13 15:35:28","2025-10-13 15:35:28"
655,"Arjun Kapoor",9876543284,arjun.kapoor@example.com,"90 Riverside Park, South Zone","2025-10-13 15:35:28","2025-10-13 15:35:28"
656,"Sunita Verma",9876543285,sunita.verma@example.com,"11 Lakeside Heights, North Zone","2025-10-13 15:35:28","2025-10-13 15:35:28"
657,"Rajesh Malhotra",9876543286,rajesh.malhotra@example.com,"23 Business Boulevard, East Zone","2025-10-13 15:35:28","2025-10-13 15:35:28"
658,"Rekha Sharma",9876543287,rekha.sharma@example.com,"45 Suburban Park, West Zone","2025-10-13 15:35:28","2025-10-13 15:35:28"
659,"Suresh Jain",9876543288,suresh.jain@example.com,"67 Tech Plaza, Central Zone","2025-10-13 15:35:28","2025-10-13 15:35:28"
660,"Meena Kapoor",9876543289,meena.kapoor@example.com,"89 Industrial Complex, South Zone","2025-10-13 15:35:28","2025-10-13 15:35:28"
661,"Karan Reddy",9876543290,karan.reddy@example.com,"12 Cultural Lane, North Zone","2025-10-13 15:35:28","2025-10-13 15:35:28"
662,"Rashmi Verma",9876543291,rashmi.verma@example.com,"34 Medical Park, East Zone","2025-10-13 15:35:28","2025-10-13 15:35:28"
663,"Aakash Sharma",9876543292,aakash.sharma@example.com,"56 Education Park, West Zone","2025-10-13 15:35:28","2025-10-13 15:35:28"
664,"Pallavi Mehta",9876543293,pallavi.mehta@example.com,"78 Sports Circle, Central Zone","2025-10-13 15:35:28","2025-10-13 15:35:28"
665,"Siddharth Verma",9876543294,siddharth.verma@example.com,"90 Cultural Park, South Zone","2025-10-13 15:35:28","2025-10-13 15:35:28"
666,"Divya Nair",9876543295,divya.nair@example.com,"11 Medical Circle, North Zone","2025-10-13 15:35:28","2025-10-13 15:35:28"
667,"Rajiv Kapoor",9876543296,rajiv.kapoor@example.com,"23 Green Park Circle, East Zone","2025-10-13 15:35:28","2025-10-13 15:35:28"
668,"Priyanka Sharma",9876543297,priyanka.sharma@example.com,"45 Historic Lane East, West Zone","2025-10-13 15:35:28","2025-10-13 15:35:28"
669,"Abhishek Jain",9876543298,abhishek.jain@example.com,"67 Historic Lane West, Central Zone","2025-10-13 15:35:28","2025-10-13 15:35:28"
670,"Nisha Verma",9876543299,nisha.verma@example.com,"89 Commerce Park, South Zone","2025-10-13 15:35:28","2025-10-13 15:35:28"
671,"Manoj Reddy",9876543300,manoj.reddy@example.com,"12 Harbor Park, North Zone","2025-10-13 15:35:28","2025-10-13 15:35:28"
672,"Richa Sharma",9876543301,richa.sharma@example.com,"34 Airport Park, East Zone","2025-10-13 15:35:28","2025-10-13 15:35:28"
673,"Ajay Verma",9876543302,ajay.verma@example.com,"56 Tech Park East, West Zone","2025-10-13 15:35:28","2025-10-13 15:35:28"
674,"Neetu Mehra",9876543303,neetu.mehra@example.com,"78 Tech Park West, Central Zone","2025-10-13 15:35:28","2025-10-13 15:35:28"
675,"Pradeep Kapoor",9876543304,pradeep.kapoor@example.com,"90 Industrial Lane East, South Zone","2025-10-13 15:35:28","2025-10-13 15:35:28"
676,"Anjali Sharma",9876543305,anjali.sharma@example.com,"11 Industrial Lane West, North Zone","2025-10-13 15:35:28","2025-10-13 15:35:28"
677,"Vikas Reddy",9876543306,vikas.reddy@example.com,"23 University Lane, East Zone","2025-10-13 15:35:28","2025-10-13 15:35:28"
678,"Madhuri Verma",9876543307,madhuri.verma@example.com,"45 Old Town Lane, West Zone","2025-10-13 15:35:28","2025-10-13 15:35:28"
679,"Nitin Kapoor",9876543308,nitin.kapoor@example.com,"67 Residential Lane East, Central Zone","2025-10-13 15:35:28","2025-10-13 15:35:28"
680,"Priti Sharma",9876543309,priti.sharma@example.com,"89 Residential Lane West, South Zone","2025-10-13 15:35:28","2025-10-13 15:35:28"
681,"Rohit Mehta",9876543310,rohit.mehta@example.com,"12 Market Lane Central, North Zone","2025-10-13 15:35:28","2025-10-13 15:35:28"
682,"Kiran Verma",9876543311,kiran.verma@example.com,"34 Riverside Lane, East Zone","2025-10-13 15:35:28","2025-10-13 15:35:28"
683,"Sandeep Sharma",9876543312,sandeep.sharma@example.com,"56 Lakeside Lane, West Zone","2025-10-13 15:35:28","2025-10-13 15:35:28"
684,"Anupama Reddy",9876543313,anupama.reddy@example.com,"78 Business Lane, Central Zone","2025-10-13 15:35:28","2025-10-13 15:35:28"
685,"Rahul Kapoor",9876543314,rahul.kapoor@example.com,"90 Suburban Lane East, South Zone","2025-10-13 15:35:28","2025-10-13 15:35:28"
686,"Sweta Sharma",9876543315,sweta.sharma@example.com,"11 Suburban Lane West, North Zone","2025-10-13 15:35:28","2025-10-13 15:35:28"
687,"Amit Verma",9876543316,amit.verma@example.com,"23 Tech Lane East, East Zone","2025-10-13 15:35:28","2025-10-13 15:35:28"
688,"Nidhi Reddy",9876543317,nidhi.reddy@example.com,"45 Tech Lane West, West Zone","2025-10-13 15:35:28","2025-10-13 15:35:28"
689,"Rajesh Sharma",9876543318,rajesh.sharma@example.com,"67 Industrial Lane Central, Central Zone","2025-10-13 15:35:28","2025-10-13 15:35:28"
690,"Richa Kapoor",9876543319,richa.kapoor@example.com,"89 Education Lane East, South Zone","2025-10-13 15:35:28","2025-10-13 15:35:28"
691,"Manish Verma",9876543320,manish.verma@example.com,"12 Education Lane West, North Zone","2025-10-13 15:35:28","2025-10-13 15:35:28"
692,"Anita Sharma",9876543321,anita.sharma@example.com,"34 Sports Lane East, East Zone","2025-10-13 15:35:28","2025-10-13 15:35:28"
693,"Vikram Kapoor",9876543322,vikram.kapoor@example.com,"56 Sports Lane West, West Zone","2025-10-13 15:35:28","2025-10-13 15:35:28"
694,"Priya Reddy",9876543323,priya.reddy@example.com,"78 Cultural Park, Central Zone","2025-10-13 15:35:28","2025-10-13 15:35:28"
695,"Rohan Sharma",9876543324,rohan.sharma@example.com,"90 Medical Circle, South Zone","2025-10-13 15:35:28","2025-10-13 15:35:28"
696,"Neha Verma",9876543325,neha.verma@example.com,"11 Green Park Circle, North Zone","2025-10-13 15:35:28","2025-10-13 15:35:28"
697,"Sanjay Reddy",9876543326,sanjay.reddy@example.com,"23 Historic Lane East, East Zone","2025-10-13 15:35:28","2025-10-13 15:35:28"
698,"Kavita Sharma",9876543327,kavita.sharma@example.com,"45 Historic Lane West, West Zone","2025-10-13 15:35:28","2025-10-13 15:35:28"
699,"Manish Kapoor",9876543328,manish.kapoor@example.com,"67 Commerce Park, Central Zone","2025-10-13 15:35:28","2025-10-13 15:35:28"
700,"Pooja Verma",9876543329,pooja.verma@example.com,"89 Harbor Park, South Zone","2025-10-13 15:35:28","2025-10-13 15:35:28"
701,"Deepak Sharma",9876543330,deepak.sharma@example.com,"12 Airport Park, North Zone","2025-10-13 15:35:28","2025-10-13 15:35:28"
702,"Ritika Kapoor",9876543331,ritika.kapoor@example.com,"34 Tech Park East, East Zone","2025-10-13 15:35:28","2025-10-13 15:35:28"
703,"Arjun Sharma",9876543332,arjun.sharma@example.com,"56 Tech Park West, West Zone","2025-10-13 15:35:28","2025-10-13 15:35:28"
704,"Sunita Verma",9876543333,sunita.verma@example.com,"78 Industrial Lane East, Central Zone","2025-10-13 15:35:28","2025-10-13 15:35:28"
705,"Rajesh Kapoor",9876543334,rajesh.kapoor@example.com,"90 Industrial Lane West, South Zone","2025-10-13 15:35:28","2025-10-13 15:35:28"
706,"Neetu Sharma",9876543335,neetu.sharma@example.com,"11 University Lane, North Zone","2025-10-13 15:35:28","2025-10-13 15:35:28"
707,"Vikram Verma",9876543336,vikram.verma@example.com,"23 Old Town Lane, East Zone","2025-10-13 15:35:28","2025-10-13 15:35:28"
708,"Madhuri Sharma",9876543337,madhuri.sharma@example.com,"45 Residential Lane East, West Zone","2025-10-13 15:35:28","2025-10-13 15:35:28"
709,"Nitin Verma",9876543338,nitin.verma@example.com,"67 Residential Lane West, Central Zone","2025-10-13 15:35:28","2025-10-13 15:35:28"
710,"Priti Kapoor",9876543339,priti.kapoor@example.com,"89 Market Lane Central, South Zone","2025-10-13 15:35:28","2025-10-13 15:35:28"
711,"Ramesh Kumar",9876543210,ramesh.kumar@example.com,"12 Greenfield Street, North Zone","2025-10-13 15:35:28","2025-10-13 15:35:28"
712,"Sita Sharma",9876543211,sita.sharma@example.com,"34 Riverside Lane, East Zone","2025-10-13 15:35:28","2025-10-13 15:35:28"
713,"Amit Verma",9876543212,amit.verma@example.com,"56 Hilltop Avenue, West Zone","2025-10-13 15:35:28","2025-10-13 15:35:28"
714,"Priya Singh",9876543213,priya.singh@example.com,"78 Lakeside Road, Central Zone","2025-10-13 15:35:28","2025-10-13 15:35:28"
715,"Vikram Joshi",9876543214,vikram.joshi@example.com,"90 Old Town Street, South Zone","2025-10-13 15:35:28","2025-10-13 15:35:28"
716,"Anita Mehra",9876543215,anita.mehra@example.com,"11 Tech Park Lane, North Zone","2025-10-13 15:35:28","2025-10-13 15:35:28"
717,"Rohan Gupta",9876543216,rohan.gupta@example.com,"23 Airport Area Road, East Zone","2025-10-13 15:35:28","2025-10-13 15:35:28"
718,"Neha Pandey",9876543217,neha.pandey@example.com,"45 Harbor Street, West Zone","2025-10-13 15:35:28","2025-10-13 15:35:28"
719,"Sanjay Rao",9876543218,sanjay.rao@example.com,"67 University District, Central Zone","2025-10-13 15:35:28","2025-10-13 15:35:28"
720,"Kavita Iyer",9876543219,kavita.iyer@example.com,"89 Industrial Estate, South Zone","2025-10-13 15:35:28","2025-10-13 15:35:28"
721,"Manish Jain",9876543220,manish.jain@example.com,"12 Market Street, North Zone","2025-10-13 15:35:28","2025-10-13 15:35:28"
722,"Pooja Reddy",9876543221,pooja.reddy@example.com,"34 Residential East, East Zone","2025-10-13 15:35:28","2025-10-13 15:35:28"
723,"Deepak Chawla",9876543222,deepak.chawla@example.com,"56 Residential West, West Zone","2025-10-13 15:35:28","2025-10-13 15:35:28"
724,"Ritika Nair",9876543223,ritika.nair@example.com,"78 Suburban North, Central Zone","2025-10-13 15:35:28","2025-10-13 15:35:28"
725,"Arjun Desai",9876543224,arjun.desai@example.com,"90 Suburban South, South Zone","2025-10-13 15:35:28","2025-10-13 15:35:28"
726,"Sunita Kapoor",9876543225,sunita.kapoor@example.com,"11 Old Industrial, North Zone","2025-10-13 15:35:28","2025-10-13 15:35:28"
727,"Rajesh Bhat",9876543226,rajesh.bhat@example.com,"23 New Industrial, East Zone","2025-10-13 15:35:28","2025-10-13 15:35:28"
728,"Neelam Saxena",9876543227,neelam.saxena@example.com,"45 Business Park, West Zone","2025-10-13 15:35:28","2025-10-13 15:35:28"
729,"Vivek Malhotra",9876543228,vivek.malhotra@example.com,"67 Mall District, Central Zone","2025-10-13 15:35:28","2025-10-13 15:35:28"
730,"Shilpa Choudhary",9876543229,shilpa.choudhary@example.com,"89 Sports Complex, South Zone","2025-10-13 15:35:28","2025-10-13 15:35:28"
731,"Anand Sharma",9876543230,anand.sharma@example.com,"12 Medical Hub, North Zone","2025-10-13 15:35:28","2025-10-13 15:35:28"
732,"Rekha Joshi",9876543231,rekha.joshi@example.com,"34 Cultural Zone, East Zone","2025-10-13 15:35:28","2025-10-13 15:35:28"
733,"Suresh Patil",9876543232,suresh.patil@example.com,"56 Government Zone, West Zone","2025-10-13 15:35:28","2025-10-13 15:35:28"
734,"Meena Agarwal",9876543233,meena.agarwal@example.com,"78 Transport Hub, Central Zone","2025-10-13 15:35:28","2025-10-13 15:35:28"
735,"Karan Verma",9876543234,karan.verma@example.com,"90 Waterfront, South Zone","2025-10-13 15:35:28","2025-10-13 15:35:28"
736,"Rashmi Gupta",9876543235,rashmi.gupta@example.com,"11 Education Zone, North Zone","2025-10-13 15:35:28","2025-10-13 15:35:28"
737,"Aakash Jain",9876543236,aakash.jain@example.com,"23 Tech Village, East Zone","2025-10-13 15:35:28","2025-10-13 15:35:28"
738,"Pallavi Mehta",9876543237,pallavi.mehta@example.com,"45 Eco Park, West Zone","2025-10-13 15:35:28","2025-10-13 15:35:28"
739,"Siddharth Kapoor",9876543238,siddharth.kapoor@example.com,"67 Industrial North, Central Zone","2025-10-13 15:35:28","2025-10-13 15:35:28"
740,"Divya Rani",9876543239,divya.rani@example.com,"89 Industrial South, South Zone","2025-10-13 15:35:28","2025-10-13 15:35:28"
741,"Rajiv Khanna",9876543240,rajiv.khanna@example.com,"12 Residential Heights, North Zone","2025-10-13 15:35:28","2025-10-13 15:35:28"
742,"Priyanka Bansal",9876543241,priyanka.bansal@example.com,"34 Commerce Street, East Zone","2025-10-13 15:35:28","2025-10-13 15:35:28"
743,"Abhishek Nair",9876543242,abhishek.nair@example.com,"56 Food Street, West Zone","2025-10-13 15:35:28","2025-10-13 15:35:28"
744,"Nisha Sharma",9876543243,nisha.sharma@example.com,"78 Market Lane, Central Zone","2025-10-13 15:35:28","2025-10-13 15:35:28"
745,"Manoj Sinha",9876543244,manoj.sinha@example.com,"90 Green Lane, South Zone","2025-10-13 15:35:28","2025-10-13 15:35:28"
